Gruppe;Produktnavn i Mystore;Forslag fra katalogen;Avstand;Sett;Kategori;Pa lager;SKU
"skrivefeil";"Ambscade";"Ambuscade";"1";"HOU";"Common";"8";"13993"
"skrivefeil";"Annointed Deacon";"Anointed Deacon";"1";"XLN";"Common";"8";"14192"
"skrivefeil";"Anoited Chorister";"Anointed Chorister";"1";"M21";"Common";"8";""
"skrivefeil";"Atazocan Archer";"Atzocan Archer";"1";"XLN";"Uncommon";"8";"14281"
"skrivefeil";"Aven Wind Mag";"Aven Wind Mage";"1";"M19";"Common";"8";""
"skrivefeil";"Awakening og Vitu-Ghazi";"Awakening of Vitu-Ghazi";"1";"WAR";"Rare";"8";""
"skrivefeil";"Azorious Guildmage";"Azorius Guildmage";"1";"DIS";"Uncommon";"8";""
"skrivefeil";"Azorious Skyguard";"Azorius Skyguard";"1";"RNA";"Uncommon";"8";""
"skrivefeil";"Bulkwark Giant";"Bulwark Giant";"1";"WAR";"Common";"8";""
"skrivefeil";"Djeru's Reunciation";"Djeru's Renunciation";"1";"HOU";"Common";"8";"13983"
"skrivefeil";"Dragonbrood Relic";"Dragonbroods' Relic";"1";"TDM";"Uncommon";"8";""
"skrivefeil";"Expel the Unworth";"Expel the Unworthy";"1";"MH3";"Common";"8";""
"skrivefeil";"Fairgrounds Trumpeteer";"Fairgrounds Trumpeter";"1";"KLD";"Uncommon";"8";"13309"
"skrivefeil";"Gauntlet of Light";"Gauntlets of Light";"1";"M20";"Uncommon";"8";""
"skrivefeil";"Incediary Sabotage";"Incendiary Sabotage";"1";"KLD";"Uncommon";"8";"13322"
"skrivefeil";"Invading Masticore";"Invading Manticore";"1";"WAR";"Common";"8";""
"skrivefeil";"Iroa's Blessing";"Iroas's Blessing";"1";"THB";"Common";"8";""
"skrivefeil";"Mizzum Tank";"Mizzium Tank";"1";"WAR";"Rare";"8";""
"skrivefeil";"Naiad of Hiden Coves";"Naiad of Hidden Coves";"1";"THB";"Common";"8";""
"skrivefeil";"Onakke Javalineer";"Onakke Javelineer";"1";"MOM";"Common";"8";""
"skrivefeil";"Ral's Reinforcement";"Ral's Reinforcements";"1";"MOM";"Common";"8";""
"skrivefeil";"Renata, Caller to the Hunt";"Renata, Called to the Hunt";"1";"THB";"Uncommon";"8";""
"skrivefeil";"Rending Flames";"Rending Flame";"1";"VOW";"Uncommon";"8";""
"skrivefeil";"Rhona's Last Stand";"Rhonas's Last Stand";"1";"HOU";"Rare";"8";"13921"
"skrivefeil";"Rhona's Stalwart";"Rhonas's Stalwart";"1";"HOU";"Common";"8";"14021"
"skrivefeil";"Rotfester Maggot";"Rotfeaster Maggot";"1";"IMA";"Common";"8";""
"skrivefeil";"Rubblebelt Rioter";"Rubblebelt Rioters";"1";"WAR";"Uncommon";"8";""
"skrivefeil";"Salvage of Secrets";"Salvager of Secrets";"1";"M19";"Common";"8";""
"skrivefeil";"Sea Gods's Scorn";"Sea God's Scorn";"1";"THB";"Uncommon";"8";""
"skrivefeil";"Sergant-at-Arms";"Sergeant-at-Arms";"1";"DOM";"Common";"8";"14738"
"skrivefeil";"Skullduggery";"Skulduggery";"1";"XLN";"Common";"8";"14261"
"skrivefeil";"Skynight Legionnaire";"Skyknight Legionnaire";"1";"GRN";"Common";"8";""
"skrivefeil";"Spreading Root";"Spreading Rot";"1";"XLN";"Common";"8";"14266"
"skrivefeil";"Teaching of the Archaics";"Teachings of the Archaics";"1";"STX";"Rare";"8";""
"skrivefeil";"Unexplained Dissappearance";"Unexplained Disappearance";"1";"GRN";"Common";"8";""
"skrivefeil";"Virtulent Swipe";"Virulent Swipe";"1";"IMA";"Common";"8";""
"skrivefeil";"Zealot's Convinction";"Zealot's Conviction";"1";"ONE";"Common";"8";""
"skrivefeil";"Aradar Express";"Aradara Express";"1";"KLD";"Common";"7";"13100"
"skrivefeil";"Barging Sargeant";"Barging Sergeant";"1";"GRN";"Common";"7";""
"skrivefeil";"Brightblade Stout";"Brightblade Stoat";"1";"BLB";"Uncommon";"7";""
"skrivefeil";"Candelight Vigil";"Candlelight Vigil";"1";"GRN";"Common";"7";""
"skrivefeil";"Commencement of Festivites";"Commencement of Festivities";"1";"KLD";"Common";"7";"13109"
"skrivefeil";"Desert of the Imdomitable";"Desert of the Indomitable";"1";"HOU";"Common";"7";"13879"
"skrivefeil";"Destructive Tempering";"Destructive Tampering";"1";"AER";"Common";"7";"13510"
"skrivefeil";"Expel the Unworth (Foil)";"Expel the Unworthy";"1";"MH3";"Common (FOIL)";"7";""
"skrivefeil";"Hangar Scounger";"Hangar Scrounger";"1";"MOM";"Common";"7";""
"skrivefeil";"Horrible Awry";"Horribly Awry";"1";"BFZ";"Uncommon";"7";"6633"
"skrivefeil";"Irontread Chrusher";"Irontread Crusher";"1";"AER";"Common";"7";"13521"
"skrivefeil";"Legion's Judgement";"Legion's Judgment";"1";"XLN";"Common";"7";"14232"
"skrivefeil";"Nibilis of Frost";"Niblis of Frost";"1";"EMN";"Rare";"7";"11518"
"skrivefeil";"Shrewd Negotiations";"Shrewd Negotiation";"1";"KLD";"Uncommon";"7";"13342"
"skrivefeil";"Sticher's Graft";"Stitcher's Graft";"1";"EMN";"Rare";"7";"11525"
"skrivefeil";"The Dross Pit";"The Dross Pits";"1";"ONE";"Common";"7";""
"skrivefeil";"Unexplained Visions";"Unexplained Vision";"1";"ELD";"Common";"7";""
"skrivefeil";"Vat Emergance";"Vat Emergence";"1";"ONE";"Uncommon";"7";""
"skrivefeil";"Blessings of Belzenlok";"Blessing of Belzenlok";"1";"DOM";"Common";"6";"14692"
"skrivefeil";"Korozda Menitor";"Korozda Monitor";"1";"RTR";"Common";"6";""
"skrivefeil";"Morphon, the Boundless";"Morophon, the Boundless";"1";"MH1";"Mythic";"6";""
"skrivefeil";"Protean Rider";"Protean Raider";"1";"RIX";"Rare";"6";"14390"
"skrivefeil";"Queen's Commision";"Queen's Commission";"1";"XLN";"Common";"6";"14246"
"skrivefeil";"Rona, Diciple of Gix";"Rona, Disciple of Gix";"1";"DOM";"Uncommon";"6";"14626"
"skrivefeil";"Tower Defence";"Tower Defense";"1";"RNA";"Uncommon";"6";""
"skrivefeil";"Unsubstansiate";"Unsubstantiate";"1";"EMN";"Uncommon";"6";"11515"
"skrivefeil";"Windreaver Sphinx";"Windreader Sphinx";"1";"M19";"Rare";"6";""
"skrivefeil";"Brinehorn Cutthroat";"Brineborn Cutthroat";"1";"M20";"Uncommon";"5";""
"skrivefeil";"Charging Tuskadon";"Charging Tuskodon";"1";"RIX";"Uncommon";"5";"14306"
"skrivefeil";"Dungeon Geist";"Dungeon Geists";"1";"M20";"Rare";"5";""
"skrivefeil";"Hour of Devastastion";"Hour of Devastation";"1";"HOU";"Rare";"5";"13943"
"skrivefeil";"Liliana's Defeast";"Liliana's Defeat";"1";"HOU";"Uncommon";"5";"13945"
"skrivefeil";"Oatland Boar";"Outland Boar";"1";"AER";"Uncommon";"5";"13450"
"skrivefeil";"Sacred Excavations";"Sacred Excavation";"1";"AKH";"Uncommon";"5";"13759"
"skrivefeil";"Sea Gods's Scorn (foil)";"Sea God's Scorn";"1";"THB";"Uncommon (FOIL)";"5";""
"skrivefeil";"Servo Exhibitions";"Servo Exhibition";"1";"KLD";"Uncommon";"5";"13341"
"skrivefeil";"earth Charm";"Hearth Charm";"1";"VIS";"Common";"4";""
"skrivefeil";"Gallia of th Endless Dance";"Gallia of the Endless Dance";"1";"THB";"Rare";"4";""
"skrivefeil";"Ilysian Caratid";"Ilysian Caryatid";"1";"THB";"Common";"4";""
"skrivefeil";"Jhessian Infiltator";"Jhessian Infiltrator";"1";"ALA";"Uncommon";"4";""
"skrivefeil";"Renata, Caller to the Hunt (showcase)";"Renata, Called to the Hunt";"1";"THB";"Uncommon";"4";""
"skrivefeil";"Traiterous Instinct";"Traitorous Instinct";"1";"RTR";"Common";"4";""
"skrivefeil";"Birchlore Ranger";"Birchlore Rangers";"1";"ONS";"Common";"3";""
"skrivefeil";"Korvath's Fury";"Khorvath's Fury";"1";"BBD";"Rare";"3";""
"skrivefeil";"Naiad of Hiden Coves (foil)";"Naiad of Hidden Coves";"1";"THB";"Common (FOIL)";"3";""
"skrivefeil";"Unexplained Visions (foil)";"Unexplained Vision";"1";"ELD";"Common (FOIL)";"3";""
"skrivefeil";"Woodland Cemetary";"Woodland Cemetery";"1";"DOM";"Rare";"3";"14583"
"skrivefeil";"Anoited Chorister (foil)";"Anointed Chorister";"1";"M21";"Common (FOIL)";"2";""
"skrivefeil";"Bulkwark Giant (foil)";"Bulwark Giant";"1";"WAR";"Common (FOIL)";"2";""
"skrivefeil";"Gauntlet of Light (foil)";"Gauntlets of Light";"1";"M20";"Uncommon (FOIL)";"2";""
"skrivefeil";"Goblin Ringeleader (foil)";"Goblin Ringleader";"1";"M20";"Uncommon (FOIL)";"2";""
"skrivefeil";"Hammerhein Deadeye";"Hammerheim Deadeye";"1";"PLC";"Uncommon";"2";""
"skrivefeil";"Iroa's Blessing (foil)";"Iroas's Blessing";"1";"THB";"Common (FOIL)";"2";""
"skrivefeil";"Onakke Javalineer (foil)";"Onakke Javelineer";"1";"MOM";"Common (FOIL)";"2";""
"skrivefeil";"Rhox War Munk";"Rhox War Monk";"1";"MM3";"Uncommon";"2";""
"skrivefeil";"Swamp B";"Swamp";"1";"3ED";"Common";"2";""
"skrivefeil";"Wight of Presinct Six";"Wight of Precinct Six";"1";"GTC";"Uncommon";"2";""
"skrivefeil";"Blast of Genious";"Blast of Genius";"1";"DGM";"Uncommon";"1";""
"skrivefeil";"Blood Pet";"Blood Poet";"1";"CMB1";"Common";"1";""
"skrivefeil";"Bloodworn Steward";"Bloodsworn Steward";"1";"C17";"Rare";"1";""
"skrivefeil";"Dungeon Geist (foil)";"Dungeon Geists";"1";"M20";"Rare (FOIL)";"1";""
"skrivefeil";"Forest B";"Forest";"1";"3ED";"Common";"1";""
"skrivefeil";"Invading Masticore (foil)";"Invading Manticore";"1";"WAR";"Common (FOIL)";"1";""
"skrivefeil";"Mizzum Tank (foil)";"Mizzium Tank";"1";"WAR";"Rare (FOIL)";"1";""
"skrivefeil";"Renata, Caller to the Hunt (foil)";"Renata, Called to the Hunt";"1";"THB";"Uncommon (FOIL)";"1";""
"skrivefeil";"Restless Apparation";"Restless Apparition";"1";"MM2";"Uncommon";"1";""
"skrivefeil";"The Dross Pit (foil)";"The Dross Pits";"1";"ONE";"Common (FOIL)";"1";""
"skrivefeil";"Tower Defence (foil)";"Tower Defense";"1";"RNA";"Uncommon (FOIL)";"1";""
"skrivefeil";"Zealot's Convinction (foil)";"Zealot's Conviction";"1";"ONE";"Common (FOIL)";"1";""
"skrivefeil";"Act of Agression";"Act of Aggression";"1";"C15";"Uncommon";"0";""
"skrivefeil";"Act of Agression";"Act of Aggression";"1";"NPH";"Uncommon";"0";""
"skrivefeil";"Arcmage's Charm";"Archmage's Charm";"1";"MH1";"Rare";"0";""
"skrivefeil";"Arcmage's Charm (foil)";"Archmage's Charm";"1";"MH1";"Rare (FOIL)";"0";""
"skrivefeil";"Aven Mindcencor";"Aven Mindcensor";"1";"AKH";"Rare";"0";"13632"
"skrivefeil";"Aven Mindcencor";"Aven Mindcensor";"1";"MP2";"Masterpieces: Invocations";"0";""
"skrivefeil";"Awakening og Vitu-Ghazi (foil)";"Awakening of Vitu-Ghazi";"1";"WAR";"Rare (FOIL)";"0";""
"skrivefeil";"Axis of Morality";"Axis of Mortality";"1";"XLN";"Mythic";"0";"14185"
"skrivefeil";"Azorious Skyguard (foil)";"Azorius Skyguard";"1";"RNA";"Uncommon (FOIL)";"0";""
"skrivefeil";"Blast of Genious";"Blast of Genius";"1";"UMA";"Uncommon";"0";""
"skrivefeil";"Blossoming Defence";"Blossoming Defense";"1";"KLD";"Uncommon";"0";"13286"
"skrivefeil";"Brableweft Behemoth";"Brambleweft Behemoth";"1";"HOU";"Common";"0";"13892"
"skrivefeil";"Brinehorn Cutthroat (foil)";"Brineborn Cutthroat";"1";"M20";"Uncommon (FOIL)";"0";""
"skrivefeil";"Castle Embreth";"Castle Embereth";"1";"ELD";"Rare";"0";""
"skrivefeil";"Castle Embreth (foil)";"Castle Embereth";"1";"ELD";"Rare (FOIL)";"0";""
"skrivefeil";"Choking Restrains";"Choking Restraints";"1";"EMN";"Common";"0";"11588"
"skrivefeil";"Contigency Plan";"Contingency Plan";"1";"EMN";"Common";"0";"11610"
"skrivefeil";"Convulcing Licid";"Convulsing Licid";"1";"STH";"Uncommon";"0";""
"skrivefeil";"Emergency Zone";"Emergence Zone";"1";"WAR";"Uncommon";"0";""
"skrivefeil";"Emergency Zone (foil)";"Emergence Zone";"1";"WAR";"Uncommon (FOIL)";"0";""
"skrivefeil";"Entrapment Manouver";"Entrapment Maneuver";"1";"C16";"Rare";"0";""
"skrivefeil";"Fiend Bender";"Fiend Binder";"1";"EMN";"Common";"0";"11594"
"skrivefeil";"Forest A";"Forest";"1";"3ED";"Common";"0";""
"skrivefeil";"Forest C";"Forest";"1";"3ED";"Common";"0";""
"skrivefeil";"Gallia of th Endless Dance (foil)";"Gallia of the Endless Dance";"1";"THB";"Rare (FOIL)";"0";""
"skrivefeil";"Goblin Electromaner";"Goblin Electromancer";"1";"C15";"Common";"0";""
"skrivefeil";"Goblin Ringeleader";"Goblin Ringleader";"1";"M20";"Uncommon";"0";""
"skrivefeil";"Goring Ceraptops";"Goring Ceratops";"1";"XLN";"Rare";"0";"14089"
"skrivefeil";"Greypelt Refuge";"Graypelt Refuge";"1";"C17";"Uncommon";"0";""
"skrivefeil";"Hangar Scounger (foil)";"Hangar Scrounger";"1";"MOM";"Common (FOIL)";"0";""
"skrivefeil";"igil of Sleep";"Sigil of Sleep";"1";"UDS";"Common";"0";""
"skrivefeil";"Ilysian Caratid (foil)";"Ilysian Caryatid";"1";"THB";"Common (FOIL)";"0";""
"skrivefeil";"Ishai, Ojutai's Dragonspeaker";"Ishai, Ojutai Dragonspeaker";"1";"CM2";"Mythic";"0";""
"skrivefeil";"Island A";"Island";"1";"3ED";"Common";"0";""
"skrivefeil";"Island B";"Island";"1";"3ED";"Common";"0";""
"skrivefeil";"Island C";"Island";"1";"3ED";"Common";"0";""
"skrivefeil";"Kami of the Cresent Moon";"Kami of the Crescent Moon";"1";"CN2";"Rare";"0";"13590"
"skrivefeil";"Legion Liutenant";"Legion Lieutenant";"1";"RIX";"Uncommon";"0";"14329"
"skrivefeil";"Lotho, Corrupt Sherriff";"Lotho, Corrupt Shirriff";"1";"LTR";"Rare";"0";""
"skrivefeil";"Lotho, Corrupt Sherriff (Extended Art)";"Lotho, Corrupt Shirriff";"1";"LTR";"Rare";"0";""
"skrivefeil";"Lotho, Corrupt Sherriff (Extended Art) (foil)";"Lotho, Corrupt Shirriff";"1";"LTR";"Rare (FOIL)";"0";""
"skrivefeil";"Lotho, Corrupt Sherriff (foil)";"Lotho, Corrupt Shirriff";"1";"LTR";"Rare (FOIL)";"0";""
"skrivefeil";"Mastermind's Aquisition";"Mastermind's Acquisition";"1";"RIX";"Rare";"0";"14383"
"skrivefeil";"Merkfolk Secretkeeper (showcase) (foil)";"Merfolk Secretkeeper // Venture Deeper";"1";"ELD";"Common (FOIL)";"0";""
"skrivefeil";"Mirror Match (foil)";"Mirror March";"1";"RNA";"Rare (FOIL)";"0";""
"skrivefeil";"Mizzix of the Izmagus";"Mizzix of the Izmagnus";"1";"C15";"Mythic";"0";""
"skrivefeil";"Mizzum Mortars";"Mizzium Mortars";"1";"C15";"Rare";"0";""
"skrivefeil";"Mons's Goblin Riders";"Mons's Goblin Raiders";"1";"2ED";"Common";"0";""
"skrivefeil";"Morphon, the Boundless (foil)";"Morophon, the Boundless";"1";"MH1";"Mythic (FOIL)";"0";""
"skrivefeil";"Mossworth Bridge";"Mosswort Bridge";"1";"C17";"Rare";"0";""
"skrivefeil";"Mountain A";"Mountain";"1";"3ED";"Common";"0";""
"skrivefeil";"Mountain B";"Mountain";"1";"3ED";"Common";"0";""
"skrivefeil";"Mountain C";"Mountain";"1";"3ED";"Common";"0";""
"skrivefeil";"Nightmare Sheperd";"Nightmare Shepherd";"1";"THB";"Rare";"0";""
"skrivefeil";"Pir, Imagnative Rascal";"Pir, Imaginative Rascal";"1";"BBD";"Rare";"0";""
"skrivefeil";"Pir, Imagnative Rascal (Foil)";"Pir, Imaginative Rascal";"1";"BBD";"FOILS";"0";""
"skrivefeil";"Plains A";"Plains";"1";"3ED";"Common";"0";""
"skrivefeil";"Plains B";"Plains";"1";"3ED";"Common";"0";""
"skrivefeil";"Plains C";"Plains";"1";"3ED";"Common";"0";""
"skrivefeil";"Ral's Reinforcement (foil)";"Ral's Reinforcements";"1";"MOM";"Common (FOIL)";"0";""
"skrivefeil";"Reassembling Skelton";"Reassembling Skeleton";"1";"MM2";"Uncommon";"0";""
"skrivefeil";"Rending Flames (foil)";"Rending Flame";"1";"VOW";"Uncommon (FOIL)";"0";""
"skrivefeil";"Rootborn Defences";"Rootborn Defenses";"1";"RTR";"Common";"0";""
"skrivefeil";"Rubblebelt Rioter (foil)";"Rubblebelt Rioters";"1";"WAR";"Uncommon (FOIL)";"0";""
"skrivefeil";"Shadowheart, Dark Justicar";"Shadowheart, Dark Justiciar";"1";"CLB";"Rare";"0";""
"skrivefeil";"Shadowheart, Dark Justicar (foil)";"Shadowheart, Dark Justiciar";"1";"CLB";"Rare (FOIL)";"0";""
"skrivefeil";"Sorin, Imperious Bloodloord";"Sorin, Imperious Bloodlord";"1";"M20";"Mythic";"0";""
"skrivefeil";"Sorin, Imperious Bloodloord (foil)";"Sorin, Imperious Bloodlord";"1";"M20";"Mythic (FOIL)";"0";""
"skrivefeil";"Sticher's Supplier";"Stitcher's Supplier";"1";"M19";"Uncommon";"0";""
"skrivefeil";"Swamp A";"Swamp";"1";"3ED";"Common";"0";""
"skrivefeil";"Swamp C";"Swamp";"1";"3ED";"Common";"0";""
"skrivefeil";"Swiftboot Boots";"Swiftfoot Boots";"1";"A25";"Uncommon";"0";""
"skrivefeil";"Tattered Hunter";"Tattered Haunter";"1";"EMN";"Common";"0";"11624"
"skrivefeil";"Teaching of the Archaics (foil)";"Teachings of the Archaics";"1";"STX";"Rare (FOIL)";"0";""
"skrivefeil";"Tetsuko Umezama, Fugitive";"Tetsuko Umezawa, Fugitive";"1";"DOM";"Uncommon";"0";"14605"
"skrivefeil";"Trostani Summoner";"Trostani's Summoner";"1";"DGM";"Uncommon";"0";""
"skrivefeil";"Vat Emergance (foil)";"Vat Emergence";"1";"ONE";"Uncommon (FOIL)";"0";""
"skrivefeil";"Vengeful Stranger";"Vengeful Strangler // Strangling Grasp";"1";"MID";"Uncommon";"0";""
"skrivefeil";"Vengeful Stranger (foil)";"Vengeful Strangler // Strangling Grasp";"1";"MID";"Uncommon (FOIL)";"0";""
"skrivefeil";"Wake of Waves (foil)";"Waker of Waves";"1";"M21";"Uncommon (FOIL)";"0";""
"skrivefeil";"Wolfkind Bond";"Wolfkin Bond";"1";"EMN";"Common";"0";"11586"
"skrivefeil";"Wrath of God";"Wrath of Sod";"1";"CMB1";"Rare";"0";""
"skrivefeil";"Battleshield Warrior";"Battershield Warrior";"2";"KHM";"Uncommon";"8";""
"skrivefeil";"Bruning-Tree Vandal";"Burning-Tree Vandal";"2";"RNA";"Common";"8";""
"skrivefeil";"Collar of the Culprit";"Collar the Culprit";"2";"GRN";"Common";"8";""
"skrivefeil";"Feral Abonimation";"Feral Abomination";"2";"DOM";"Common";"8";"14709"
"skrivefeil";"Feral Abonimation";"Feral Abomination";"2";"M20";"Common";"8";""
"skrivefeil";"Graven Abonimation";"Graven Abomination";"2";"HOU";"Common";"8";"14041"
"skrivefeil";"Honor of the God-Pharaoh";"Honor the God-Pharaoh";"2";"WAR";"Common";"8";""
"skrivefeil";"Lochtwain Gargoyle";"Locthwain Gargoyle";"2";"ELD";"Common";"8";""
"skrivefeil";"Lochtwain Paladin";"Locthwain Paladin";"2";"ELD";"Common";"8";""
"skrivefeil";"Manitcore of the Gauntlet";"Manticore of the Gauntlet";"2";"AKH";"Common";"8";"13783"
"skrivefeil";"Silmugar Scavenger";"Silumgar Scavenger";"2";"MH1";"Common";"8";""
"skrivefeil";"Slaugther the Strong";"Slaughter the Strong";"2";"RIX";"Rare";"8";"14397"
"skrivefeil";"Bloodluster Inciter";"Bloodlust Inciter";"2";"AKH";"Common";"7";"13848"
"skrivefeil";"Psuedodragon Familiar";"Pseudodragon Familiar";"2";"CLB";"Common";"7";""
"skrivefeil";"Storm of the Citadel";"Storm the Citadel";"2";"WAR";"Uncommon";"7";""
"skrivefeil";"Lochtwain Gargoyle (foil)";"Locthwain Gargoyle";"2";"ELD";"Common (FOIL)";"6";""
"skrivefeil";"Immolating Shaman";"Immolation Shaman";"2";"RNA";"Rare";"5";""
"skrivefeil";"Acrobatic Manuever";"Acrobatic Maneuver";"2";"KLD";"Common";"4";"13096"
"skrivefeil";"Feral Abonimation (foil)";"Feral Abomination";"2";"M20";"Common (FOIL)";"3";""
"skrivefeil";"Lochtwain Paladin (foil)";"Locthwain Paladin";"2";"ELD";"Common (FOIL)";"3";""
"skrivefeil";"Honor of the God-Pharaoh (foil)";"Honor the God-Pharaoh";"2";"WAR";"Common (FOIL)";"1";""
"skrivefeil";"Slaugther the Strong (Foil)";"Slaughter the Strong";"2";"RIX";"FOILS";"1";"14397"
"skrivefeil";"Approach the Second Sun";"Approach of the Second Sun";"2";"AKH";"Rare";"0";"13735"
"skrivefeil";"Atraxa, Preator's Voice";"Atraxa, Praetors' Voice";"2";"CM2";"Mythic";"0";""
"skrivefeil";"Ayara, First of Lochtwain";"Ayara, First of Locthwain";"2";"ELD";"Rare";"0";""
"skrivefeil";"Ayara, First of Lochtwain (foil)";"Ayara, First of Locthwain";"2";"ELD";"Rare (FOIL)";"0";""
"skrivefeil";"Battleshield Warrior (foil)";"Battershield Warrior";"2";"KHM";"Uncommon (FOIL)";"0";""
"skrivefeil";"Bruning-Tree Vandal (foil)";"Burning-Tree Vandal";"2";"RNA";"Common (FOIL)";"0";""
"skrivefeil";"Darigaaz Incarnated";"Darigaaz Reincarnated";"2";"DOM";"Mythic";"0";"14570"
"skrivefeil";"Immolating Shaman (foil)";"Immolation Shaman";"2";"RNA";"Rare (FOIL)";"0";""
"skrivefeil";"Kukosho, the Evening Star";"Kokusho, the Evening Star";"2";"IMA";"Rare";"0";""
"skrivefeil";"Masterwork of Inguenity";"Masterwork of Ingenuity";"2";"C14";"Rare";"0";""
"skrivefeil";"Nightmare Shepard (foil)";"Nightmare Shepherd";"2";"THB";"Rare (FOIL)";"0";""
"skrivefeil";"Psuedodragon Familiar (foil)";"Pseudodragon Familiar";"2";"CLB";"Common (FOIL)";"0";""
"skrivefeil";"Silmugar Scavenger (foil)";"Silumgar Scavenger";"2";"MH1";"Common (FOIL)";"0";""
"skrivefeil";"Storm of the Citadel (foil)";"Storm the Citadel";"2";"WAR";"Uncommon (FOIL)";"0";""
"token";"Poison Counter Token";"";"";"ONE";"Tokens";"62";""
"token";"Centaur Token";"";"";"RNA";"Token";"60";""
"token";"Beast Token";"";"";"RNA";"Token";"55";""
"token";"Assassin Token";"";"";"ACR";"Common";"54";""
"token";"Phyrexian // Incubator Token (0016)";"";"";"MOM";"Tokens";"50";""
"token";"Fungus Token";"";"";"LCI";"Tokens";"49";""
"token";"Rat Token";"";"";"WOE";"Token";"49";""
"token";"Wizard Token (0015)";"";"";"FIN";"Common";"49";""
"token";"A Mysterious Creature Token";"";"";"MKM";"Tokens";"44";""
"token";"Ooze Token";"";"";"RNA";"Token";"44";""
"token";"Wizard Token (0014)";"";"";"FIN";"Common";"44";""
"token";"Detective Token";"";"";"MKM";"Tokens";"43";""
"token";"Phyrexian // Incubator Token (0017)";"";"";"MOM";"Tokens";"43";""
"token";"Phyrexian // Incubator Token (0018)";"";"";"MOM";"Tokens";"42";""
"token";"Zombie Army Token (009)";"";"";"SPG";"Special";"42";""
"token";"Zombie Army Token (010)";"";"";"SPG";"Special";"42";""
"token";"Orc Army Token (0005)";"";"";"LTR";"Tokens";"40";""
"token";"Elf Knight Token";"";"";"SPG";"Special";"39";""
"token";"Treasure Token";"";"";"ACR";"Common";"38";""
"token";"Zombie Army Token (008)";"";"";"SPG";"Special";"38";""
"token";"Dinosaur Token (0010)";"";"";"LCI";"Tokens";"37";""
"token";"Cat Token (0001)";"";"";"FDN";"Common";"35";""
"token";"A Mysterious Creature Token";"";"";"ACR";"Common";"34";""
"token";"Assassin Token";"";"";"SPG";"Special";"34";""
"token";"Orc Army Token (0006)";"";"";"LTR";"Tokens";"33";""
"token";"Clue Token (0017)";"";"";"MKM";"Tokens";"31";""
"token";"{Ninja Token} // {Treasure Token}";"";"";"TMT";"Common";"30";""
"token";"Sphinx Token";"";"";"RNA";"Token";"29";""
"token";"Spirit Token (009)";"";"";"NEO";"Tokens";"29";""
"token";"Wall Token";"";"";"SPG";"Special";"29";""
"token";"Construct Token (006)";"";"";"NEO";"Tokens";"28";""
"token";"Human Monk Token";"";"";"NEO";"Tokens";"28";""
"token";"Spirit Token (002)";"";"";"NEO";"Tokens";"28";""
"token";"Clue Token (0014)";"";"";"MKM";"Tokens";"27";""
"token";"Human Token";"";"";"RNA";"Token";"27";""
"token";"Food Token (0010)";"";"";"LTR";"Tokens";"26";""
"token";"Doombot // Merfolk Token";"";"";"MSH";"Common";"25";""
"token";"Frog Lizard Token";"";"";"RNA";"Token";"25";""
"token";"Rat Token (0030)";"";"";"FDN";"Common";"23";""
"token";"Samurai Token";"";"";"NEO";"Tokens";"23";""
"token";"Wizard Token";"";"";"SPG";"Special";"23";""
"token";"Checklist (Nicol Bolas)";"";"";"SPG";"Special";"22";""
"token";"Clue Token (0016)";"";"";"MKM";"Tokens";"22";""
"token";"Eldrazi Spawn Token";"";"";"MH3";"Common";"22";""
"token";"Citizen Token";"";"";"SPG";"Special";"21";""
"token";"Illusion Token";"";"";"RNA";"Token";"21";""
"token";"Boar Token";"";"";"2X2";"Tokens";"18";""
"token";"Clue Token (0015)";"";"";"MKM";"Tokens";"18";""
"token";"Construct Token (015)";"";"";"NEO";"Tokens";"18";""
"token";"Dog Token";"";"";"MKM";"Tokens";"18";""
"token";"Elemental Token";"";"";"WOE";"Token";"18";""
"token";"Food Token (0009)";"";"";"LTR";"Tokens";"18";""
"token";"Nightmare Token";"";"";"WOE";"Token";"18";""
"token";"On an Adventure Token";"";"";"ELD";"Tokens";"18";""
"token";"Dinosaur Token (0009)";"";"";"LCI";"Tokens";"17";""
"token";"Vampire Token (0007)";"";"";"INR";"Common";"17";""
"token";"Boar Token";"";"";"ELD";"Tokens";"16";""
"token";"Clue Token (0018)";"";"";"MKM";"Tokens";"16";""
"token";"Dragon Token (0016)";"";"";"FDN";"Common";"16";""
"token";"Emblem Ral";"";"";"SPG";"Special";"16";""
"token";"Soldier Token";"";"";"SPG";"Special";"16";""
"token";"Warrior Token";"";"";"MOM";"Tokens";"16";""
"token";"Merkfolk Token";"";"";"LCI";"Tokens";"15";""
"token";"Human Rogue Token";"";"";"ACR";"Common";"14";""
"token";"Spirit Token";"";"";"SPG";"Special";"14";""
"token";"{Copy Token} // {Human Citizen Token}";"";"";"SPM";"Common";"13";""
"token";"Scion of the Deep Token (0013)";"";"";"FDN";"Common";"13";""
"token";"Emblem (Domri)";"";"";"RNA";"Token";"12";""
"token";"Goblin Token";"";"";"UGL";"Common";"12";""
"token";"Kaito, Cunning Infiltrator Emblem (0024)";"";"";"FDN";"Common";"12";""
"token";"Vivien Reid Emblem (0025)";"";"";"FDN";"Common";"12";""
"token";"Citizen Token (Foil)";"";"";"SNC";"Common FOIL";"11";""
"token";"Illusion Token (foil)";"";"";"MH1";"Tokens";"11";""
"token";"Mouse Token";"";"";"ELD";"Tokens";"11";""
"token";"The Void // Squirrel Token";"";"";"MSH";"Common";"11";""
"token";"Thopter Token (0020)";"";"";"MKM";"Tokens";"11";""
"token";"Treasure Token";"";"";"NEO";"Tokens";"11";""
"token";"Worm Token";"";"";"2X2";"Tokens";"11";""
"token";"Bat Token";"";"";"LCI";"Tokens";"10";""
"token";"Ooze Token";"";"";"MKM";"Tokens";"10";""
"token";"The Ring Emblem";"";"";"LTR";"Tokens";"10";""
"token";"Bear Token";"";"";"2X2";"Tokens";"9";""
"token";"Food Token (0011)";"";"";"LTR";"Tokens";"9";""
"token";"Gremlin Token";"";"";"MH3";"Common";"9";""
"token";"Kraken Token";"";"";"MOM";"Tokens";"9";""
"token";"Spider Token";"";"";"MKM";"Tokens";"9";""
"token";"Human Rogue Token";"";"";"ELD";"Tokens";"8";""
"token";"Insect Token";"";"";"TSR";"Tokens";"8";""
"token";"Merfolk Token";"";"";"MKM";"Tokens";"8";""
"token";"Phyrexian Saproling Token";"";"";"MOM";"Tokens";"8";""
"token";"Servo Token";"";"";"SPG";"Special";"8";""
"token";"Skeleton Token";"";"";"MKM";"Tokens";"8";""
"token";"Arlinn, Embraced by the Moon Emblem";"";"";"INR";"Common";"7";""
"token";"Ballistic Boulder Token";"";"";"LTR";"Tokens";"7";""
"token";"Dwarf Token";"";"";"ELD";"Tokens";"7";""
"token";"Emblem Vraska";"";"";"SPG";"Special";"7";""
"token";"Human Token";"";"";"ELD";"Tokens";"7";""
"token";"Thopter Token (0019)";"";"";"MKM";"Tokens";"7";""
"token";"Angelo Token (0019)";"";"";"FIN";"Common";"6";""
"token";"Fox Token";"";"";"MH3";"Common";"6";""
"token";"Galactus // Squirrel Token";"";"";"MSH";"Common";"6";""
"token";"Moloid // Wall Token (0013)";"";"";"MSH";"Common";"6";""
"token";"Rat Token";"";"";"MH3";"Common";"6";""
"token";"Saheeli, Filigree Master Emblem";"";"";"BRO";"Common";"6";""
"token";"Cat Warrior Token";"";"";"MH3";"Common";"5";""
"token";"Chandra, Dressed to Kill Emblem";"";"";"INR";"Common";"5";""
"token";"Emblem (Kaito Shizuki)";"";"";"NEO";"Tokens";"5";""
"token";"Human Cleric Token";"";"";"ELD";"Tokens";"5";""
"token";"Human Soldier Token (0020)";"";"";"INR";"Common";"5";""
"token";"Human Token";"";"";"MKM";"Tokens";"5";""
"token";"Imp Token";"";"";"MKM";"Tokens";"5";""
"token";"Metallic Sliver Token";"";"";"TSR";"Tokens";"5";""
"token";"Phobos Token";"";"";"ACR";"Common";"5";""
"token";"Rat Rogue Token";"";"";"NEO";"Tokens";"5";""
"token";"Treefolk Token / Wrenn and Seven Emblem";"";"";"INR";"Common";"5";""
"token";"Vampire Token (0008)";"";"";"INR";"Common";"5";""
"token";"Clue Token";"";"";"MH3";"Common";"4";""
"token";"Human Cleric Token (0019)";"";"";"INR";"Common";"4";""
"token";"Keimi Token";"";"";"NEO";"Tokens";"4";""
"token";"Mutavault Token (0011)";"";"";"ECL";"Common";"4";""
"token";"Shapeshifter Token (foil)";"";"";"MH1";"Tokens";"4";""
"token";"Spirit Token (011)";"";"";"NEO";"Tokens";"4";""
"token";"Teferi Akosa of Zhalfir Emblem";"";"";"MOM";"Tokens";"4";""
"token";"Voja, Friend to Elves Token";"";"";"SPG";"Special";"4";""
"token";"{Hero Token} (#003) // {Knight Token}";"";"";"FIN";"Common";"3";""
"token";"Bird Illusion Token";"";"";"SPG";"Special";"3";""
"token";"Cat Dragon Token - Dragon Token (Kovacs)";"";"";"C17";"Common";"3";""
"token";"Cat Token";"";"";"SOM";"Common";"3";""
"token";"Cloud Sprite Token";"";"";"TSR";"Tokens";"3";""
"token";"Copy Token";"";"";"MH3";"Common";"3";""
"token";"Elemental Shaman Token";"";"";"DD2";"Common";"3";""
"token";"Giant Token";"";"";"ELD";"Tokens";"3";""
"token";"Goblin Token - Zombie Token";"";"";"C16";"Common";"3";""
"token";"Insect Token (0025)";"";"";"MH3";"Common";"3";""
"token";"Insect Token (0027)";"";"";"MH3";"Common";"3";""
"token";"Jace, Unraveler of Secrets Emblem";"";"";"INR";"Common";"3";""
"token";"Morph Token";"";"";"KTK";"Common";"3";""
"token";"Pilot Token";"";"";"NEO";"Tokens";"3";""
"token";"Rhino Token (foil)";"";"";"MH1";"Tokens";"3";""
"token";"Salamander Warrior Token";"";"";"CMR";"Tokens";"3";""
"token";"Tamiyo, Field Researcher Emblem";"";"";"INR";"Common";"3";""
"token";"Tamiyo's Notebook Token";"";"";"NEO";"Tokens";"3";""
"token";"Thopter Token";"";"";"MOM";"Tokens";"3";""
"token";"Thrull Token";"";"";"DDC";"Duel Decks: Divine vs Demonic";"3";""
"token";"Treasure Token (016) (Foil)";"";"";"SNC";"Common FOIL";"3";""
"token";"Whale Token";"";"";"MH3";"Common";"3";""
"token";"Copy Token";"";"";"ACR";"Common";"2";""
"token";"Food Token (016)";"";"";"ELD";"Tokens";"2";""
"token";"Koma's Coil Token (0011)";"";"";"FDN";"Common";"2";""
"token";"Kraken Token";"";"";"DDO";"Duel decks: Elspeth vs Kiora";"2";""
"token";"Phyrexian Hydra Token (0012)";"";"";"MOM";"Tokens";"2";""
"token";"Saproling Token";"";"";"TSR";"Tokens";"2";""
"token";"Shapeshifter Token";"";"";"ACR";"Common";"2";""
"token";"Spirit Token (012)";"";"";"NEO";"Tokens";"2";""
"token";"Spirit Token (foil)";"";"";"MH1";"Tokens";"2";""
"token";"Tamiyo, Seasoned Scholar Emblem";"";"";"MH3";"Common";"2";""
"token";"Thopter Token";"";"";"MH3";"Common";"2";""
"token";"Voja Fenstalker Token";"";"";"MKM";"Tokens";"2";""
"token";"Warrior Token";"";"";"KTK";"Common";"2";""
"token";"Wolf Token (0018)";"";"";"INR";"Common";"2";""
"token";"Cat Dragon Token - Gold Token";"";"";"C17";"Common";"1";""
"token";"Cleric Token";"";"";"THS";"Common";"1";""
"token";"Devil Token (Foil)";"";"";"SNC";"Common FOIL";"1";""
"token";"Dragon Token (Zug) - Gold Token";"";"";"C17";"Common";"1";""
"token";"Eldrazi Spawn Token (Meignaud) - Eldrazi Token (Proce)";"";"";"PCA";"Planechase Anthology";"1";""
"token";"Eldrazi Spawn Token (Tedin) - Eldrazi Token (Proce)";"";"";"PCA";"Planechase Anthology";"1";""
"token";"Eldrazi Token";"";"";"CMM";"Common";"1";""
"token";"Elemental Token";"";"";"DD1";"Duel Decks: Elves vs Goblins";"1";""
"token";"Emblem (Dack Fayden)";"";"";"CNS";"Common";"1";""
"token";"Emblem (Gideon, Ally of Zendikar)";"";"";"BFZ";"Tokens";"1";"6713"
"token";"Emblem (Lolth, Spider Queen)";"";"";"AFR";"Common";"1";""
"token";"Emblem (Venser, The Sojourner)";"";"";"DDI";"Common";"1";""
"token";"Fanatic of Rhonas Token";"";"";"MH3";"Common";"1";""
"token";"Fish Token (Foil)";"";"";"SNC";"Common FOIL";"1";""
"token";"Fungus Dinosaur Token";"";"";"LCI";"Tokens";"1";""
"token";"Goblin Shaman Token";"";"";"NEO";"Tokens";"1";""
"token";"Human Warrior Token";"";"";"ELD";"Tokens";"1";""
"token";"Kraken Token";"";"";"MH3";"Common";"1";""
"token";"Marit Lage Token";"";"";"DMR";"Common";"1";""
"token";"Phyrexian Myr Token";"";"";"MOM";"Tokens";"1";""
"token";"The Capitoline Triad Emblem";"";"";"ACR";"Common";"1";""
"token";"Wurm Token (Lifelink)";"";"";"SOM";"Common";"1";""
"token";"{Ally Token} (#004) // {Clue Token} (#015)";"";"";"TLA";"Common";"0";""
"token";"{Ally Token} (#004) // {Clue Token} (#015)";"";"";"TLA";"Common (FOIL)";"0";""
"token";"{Ally Token} (#005) // {Clue Token} (#014)";"";"";"TLA";"Common";"0";""
"token";"{Ally Token} (#005) // {Clue Token} (#014)";"";"";"TLA";"Common (FOIL)";"0";""
"token";"{Ally Token} (#006) // {Clue Token} (#017)";"";"";"TLA";"Common";"0";""
"token";"{Ally Token} (#006) // {Clue Token} (#017)";"";"";"TLA";"Common (FOIL)";"0";""
"token";"{Ally Token} (#007) // {Clue Token} (#018)";"";"";"TLA";"Common";"0";""
"token";"{Ally Token} (#007) // {Clue Token} (#018)";"";"";"TLA";"Common (FOIL)";"0";""
"token";"{Ally Token} (#008) // {Clue Token} (#016)";"";"";"TLA";"Common";"0";""
"token";"{Ally Token} (#008) // {Clue Token} (#016)";"";"";"TLA";"Common (FOIL)";"0";""
"token";"{Angelo Token} // {Darkstar Token}";"";"";"FIN";"Common";"0";""
"token";"{Angelo Token} // {Darkstar Token}";"";"";"FIN";"Common (FOIL)";"0";""
"token";"{Ballistic Boulder Token} // {Soldier Token}";"";"";"TLA";"Common";"0";""
"token";"{Ballistic Boulder Token} // {Soldier Token}";"";"";"TLA";"Common (FOIL)";"0";""
"token";"{Bear Token} // {Food Token} (#020)";"";"";"TLA";"Common";"0";""
"token";"{Bear Token} // {Food Token} (#020)";"";"";"TLA";"Common (FOIL)";"0";""
"token";"{Bird Token} (#016) // {Hero Token} (#006)";"";"";"FIN";"Common";"0";""
"token";"{Bird Token} (#016) // {Hero Token} (#006)";"";"";"FIN";"Common (FOIL)";"0";""
"token";"{Bird Token} (#016) // {Hero Token} (#007)";"";"";"FIN";"Common";"0";""
"token";"{Bird Token} (#016) // {Hero Token} (#007)";"";"";"FIN";"Common (FOIL)";"0";""
"token";"{Bird Token} (#016) // {Wizard Token} (#014)";"";"";"FIN";"Common";"0";""
"token";"{Bird Token} (#016) // {Wizard Token} (#014)";"";"";"FIN";"Common (FOIL)";"0";""
"token";"{Bird Token} (#017) // {Hero Token} (#008)";"";"";"FIN";"Common";"0";""
"token";"{Bird Token} (#017) // {Hero Token} (#008)";"";"";"FIN";"Common (FOIL)";"0";""
"token";"{Bird Token} (#017) // {Hero Token} (#009)";"";"";"FIN";"Common";"0";""
"token";"{Bird Token} (#017) // {Hero Token} (#009)";"";"";"FIN";"Common (FOIL)";"0";""
"token";"{Bird Token} (#017) // {Wizard Token} (#015)";"";"";"FIN";"Common";"0";""
"token";"{Bird Token} (#017) // {Wizard Token} (#015)";"";"";"FIN";"Common (FOIL)";"0";""
"token";"{Cat Token} // {Thopter Token} (#010)";"";"";"DFT";"Token";"0";""
"token";"{Chandra, Spark Hunter Emblem} // {Vehicle Token}";"";"";"DFT";"Token";"0";""
"token";"{Copy Token} // {Dinosaur Soldier Token}";"";"";"TMT";"Common";"0";""
"token";"{Copy Token} // {Dinosaur Soldier Token}";"";"";"TMT";"Common (FOIL)";"0";""
"token";"{Copy Token} // {Elemental Token} (#019)";"";"";"SOS";"Common";"0";""
"token";"{Copy Token} // {Elemental Token} (#019)";"";"";"SOS";"Common (FOIL)";"0";""
"token";"{Copy Token} // {Hero Token} (#002)";"";"";"FIN";"Common";"0";""
"token";"{Copy Token} // {Hero Token} (#002)";"";"";"FIN";"Common (FOIL)";"0";""
"token";"{Copy Token} // {Hero Token} (#003)";"";"";"FIN";"Common";"0";""
"token";"{Copy Token} // {Hero Token} (#003)";"";"";"FIN";"Common (FOIL)";"0";""
"token";"{Copy Token} // {Hero Token} (#004)";"";"";"FIN";"Common";"0";""
"token";"{Copy Token} // {Hero Token} (#004)";"";"";"FIN";"Common (FOIL)";"0";""
"token";"{Copy Token} // {Hero Token} (#005)";"";"";"FIN";"Common";"0";""
"token";"{Copy Token} // {Hero Token} (#005)";"";"";"FIN";"Common (FOIL)";"0";""
"token";"{Copy Token} // {Human Citizen Token}";"";"";"SPM";"Common (Foil)";"0";""
"token";"{Copy Token} // {Moogle Token}";"";"";"FIN";"Common";"0";""
"token";"{Copy Token} // {Moogle Token}";"";"";"FIN";"Common (FOIL)";"0";""
"token";"{Copy Token} // {Mutagen Token}";"";"";"TMT";"Common";"0";""
"token";"{Copy Token} // {Mutagen Token}";"";"";"TMT";"Common (FOIL)";"0";""
"token";"{Copy Token} // {Rat Token}";"";"";"TMT";"Common";"0";""
"token";"{Copy Token} // {Rat Token}";"";"";"TMT";"Common (FOIL)";"0";""
"token";"{Copy Token} // {Spirit Token} (#010)";"";"";"SOS";"Common";"0";""
"token";"{Copy Token} // {Spirit Token} (#010)";"";"";"SOS";"Common (FOIL)";"0";""
"token";"{Copy Token} // {Spirit Token} (#025)";"";"";"SOS";"Common";"0";""
"token";"{Copy Token} // {Spirit Token} (#025)";"";"";"SOS";"Common (FOIL)";"0";""
"token";"{Copy Token} // {Treasure Token}";"";"";"TMT";"Common";"0";""
"token";"{Copy Token} // {Treasure Token}";"";"";"TMT";"Common (FOIL)";"0";""
"token";"{Dinosaur Dragon Token} // {Treasure Token}";"";"";"DFT";"Token";"0";""
"token";"{Dragon Token} // {Food Token} (#019)";"";"";"TLA";"Common";"0";""
"token";"{Dragon Token} // {Food Token} (#019)";"";"";"TLA";"Common (FOIL)";"0";""
"token";"{Elemental Token} (#002) // {Fractal Token} (#004)";"";"";"SOS";"Common";"0";""
"token";"{Elemental Token} (#002) // {Fractal Token} (#004)";"";"";"SOS";"Common (FOIL)";"0";""
"token";"{Elemental Token} (#002) // {Treasure Token}";"";"";"SOS";"Common";"0";""
"token";"{Elemental Token} (#002) // {Treasure Token}";"";"";"SOS";"Common (FOIL)";"0";""
"token";"{Elemental Token} (#003) // {Treasure Token}";"";"";"SOS";"Common";"0";""
"token";"{Elemental Token} (#003) // {Treasure Token}";"";"";"SOS";"Common (FOIL)";"0";""
"token";"{Elemental Token} // {Hero Token} (#009)";"";"";"FIN";"Common";"0";""
"token";"{Elemental Token} // {Hero Token} (#009)";"";"";"FIN";"Common (FOIL)";"0";""
"token";"{Elephant Token} // {Insect Token}";"";"";"DFT";"Token";"0";""
"token";"{Elephant Token} // {Zombie Token} (Black}";"";"";"DFT";"Token";"0";""
"token";"{Food Token} (#021) // {Monk Token}";"";"";"TLA";"Common";"0";""
"token";"{Food Token} (#021) // {Monk Token}";"";"";"TLA";"Common (FOIL)";"0";""
"token";"{Food Token} // {Hero Token} (#002)";"";"";"FIN";"Common";"0";""
"token";"{Food Token} // {Hero Token} (#002)";"";"";"FIN";"Common (FOIL)";"0";""
"token";"{Food Token} // {Hero Token} (#003)";"";"";"FIN";"Common";"0";""
"token";"{Food Token} // {Hero Token} (#003)";"";"";"FIN";"Common (FOIL)";"0";""
"token";"{Food Token} // {Hero Token} (#004)";"";"";"FIN";"Common";"0";""
"token";"{Food Token} // {Hero Token} (#004)";"";"";"FIN";"Common (FOIL)";"0";""
"token";"{Food Token} // {Hero Token} (#005)";"";"";"FIN";"Common";"0";""
"token";"{Food Token} // {Hero Token} (#005)";"";"";"FIN";"Common (FOIL)";"0";""
"token";"{Food Token} // {Insect Warrior Token}";"";"";"TMT";"Common";"0";""
"token";"{Food Token} // {Insect Warrior Token}";"";"";"TMT";"Common (FOIL)";"0";""
"token";"{Food Token} // {Ninja Token}";"";"";"TMT";"Common";"0";""
"token";"{Food Token} // {Ninja Token}";"";"";"TMT";"Common (FOIL)";"0";""
"token";"{Food Token} // {Ninja Turtle Spirit Token}";"";"";"TMT";"Common";"0";""
"token";"{Food Token} // {Ninja Turtle Spirit Token}";"";"";"TMT";"Common (FOIL)";"0";""
"token";"{Food Token} // {Rat Token}";"";"";"TMT";"Common";"0";""
"token";"{Food Token} // {Rat Token}";"";"";"TMT";"Common (FOIL)";"0";""
"token";"{Food Token} // {Robot Token}";"";"";"SPM";"Common";"0";""
"token";"{Food Token} // {Robot Token}";"";"";"SPM";"Common (Foil)";"0";""
"token";"{Food Token} // {Robot Token}";"";"";"TMT";"Common";"0";""
"token";"{Food Token} // {Robot Token}";"";"";"TMT";"Common (FOIL)";"0";""
"token";"{Food Token} // {Spider Token}";"";"";"SPM";"Common";"0";""
"token";"{Food Token} // {Spider Token}";"";"";"SPM";"Common (Foil)";"0";""
"token";"{Fractal Token} (#004) // {Inkling Token} (#006)";"";"";"SOS";"Common";"0";""
"token";"{Fractal Token} (#004) // {Inkling Token} (#006)";"";"";"SOS";"Common (FOIL)";"0";""
"token";"{Fractal Token} (#004) // {Pest Token} (#008)";"";"";"SOS";"Common";"0";""
"token";"{Fractal Token} (#004) // {Pest Token} (#008)";"";"";"SOS";"Common (FOIL)";"0";""
"token";"{Fractal Token} (#004) // {Spirit Token} (#010)";"";"";"SOS";"Common";"0";""
"token";"{Fractal Token} (#004) // {Spirit Token} (#010)";"";"";"SOS";"Common (FOIL)";"0";""
"token";"{Fractal Token} (#004) // {Thopter Token}";"";"";"SOS";"Common";"0";""
"token";"{Fractal Token} (#004) // {Thopter Token}";"";"";"SOS";"Common (FOIL)";"0";""
"token";"{Fractal Token} (#005) // {Pest Token} (#009)";"";"";"SOS";"Common";"0";""
"token";"{Fractal Token} (#005) // {Pest Token} (#009)";"";"";"SOS";"Common (FOIL)";"0";""
"token";"{Fractal Token} (#005) // {Spirit Token} (#011)";"";"";"SOS";"Common";"0";""
"token";"{Fractal Token} (#005) // {Spirit Token} (#011)";"";"";"SOS";"Common (FOIL)";"0";""
"token";"{Frog Token} // {Hero Token} (#008)";"";"";"FIN";"Common";"0";""
"token";"{Frog Token} // {Hero Token} (#008)";"";"";"FIN";"Common (FOIL)";"0";""
"token";"{Frog Token} // {Hero Token} (#009)";"";"";"FIN";"Common";"0";""
"token";"{Frog Token} // {Hero Token} (#009)";"";"";"FIN";"Common (FOIL)";"0";""
"token";"{Goblin Token} // {Thopter Token} (#010)";"";"";"DFT";"Token";"0";""
"token";"{Helper Card}";"";"";"TLA";"Common";"0";""
"token";"{Helper Card}";"";"";"TLA";"Common (FOIL)";"0";""
"token";"{Hero Token} (#002) // {Knight Token}";"";"";"FIN";"Common";"0";""
"token";"{Hero Token} (#002) // {Knight Token}";"";"";"FIN";"Common (FOIL)";"0";""
"token";"{Hero Token} (#002) // {Spirit Token}";"";"";"FIN";"Common";"0";""
"token";"{Hero Token} (#002) // {Spirit Token}";"";"";"FIN";"Common (FOIL)";"0";""
"token";"{Hero Token} (#002) // {Treasure Token}";"";"";"FIN";"Common";"0";""
"token";"{Hero Token} (#002) // {Treasure Token}";"";"";"FIN";"Common (FOIL)";"0";""
"token";"{Hero Token} (#002) // {Wizard Token} (#014)";"";"";"FIN";"Common";"0";""
"token";"{Hero Token} (#002) // {Wizard Token} (#014)";"";"";"FIN";"Common (FOIL)";"0";""
"token";"{Hero Token} (#003) // {Knight Token}";"";"";"FIN";"Common (FOIL)";"0";""
"token";"{Hero Token} (#003) // {Spirit Token}";"";"";"FIN";"Common";"0";""
"token";"{Hero Token} (#003) // {Spirit Token}";"";"";"FIN";"Common (FOIL)";"0";""
"token";"{Hero Token} (#003) // {Treasure Token}";"";"";"FIN";"Common";"0";""
"token";"{Hero Token} (#003) // {Treasure Token}";"";"";"FIN";"Common (FOIL)";"0";""
"token";"{Hero Token} (#003) // {Wizard Token} (#014)";"";"";"FIN";"Common";"0";""
"token";"{Hero Token} (#003) // {Wizard Token} (#014)";"";"";"FIN";"Common (FOIL)";"0";""
"token";"{Hero Token} (#004) // {Moogle Token}";"";"";"FIN";"Common";"0";""
"token";"{Hero Token} (#004) // {Moogle Token}";"";"";"FIN";"Common (FOIL)";"0";""
"token";"{Hero Token} (#004) // {Treasure Token}";"";"";"FIN";"Common";"0";""
"token";"{Hero Token} (#004) // {Treasure Token}";"";"";"FIN";"Common (FOIL)";"0";""
"token";"{Hero Token} (#004) // {Wizard Token} (#015)";"";"";"FIN";"Common";"0";""
"token";"{Hero Token} (#004) // {Wizard Token} (#015)";"";"";"FIN";"Common (FOIL)";"0";""
"token";"{Hero Token} (#005) // {Moogle Token}";"";"";"FIN";"Common";"0";""
"token";"{Hero Token} (#005) // {Moogle Token}";"";"";"FIN";"Common (FOIL)";"0";""
"token";"{Hero Token} (#005) // {Treasure Token}";"";"";"FIN";"Common";"0";""
"token";"{Hero Token} (#005) // {Treasure Token}";"";"";"FIN";"Common (FOIL)";"0";""
"token";"{Hero Token} (#005) // {Wizard Token} (#015)";"";"";"FIN";"Common";"0";""
"token";"{Hero Token} (#005) // {Wizard Token} (#015)";"";"";"FIN";"Common (FOIL)";"0";""
"token";"{Hero Token} (#006) // {Horror Token}";"";"";"FIN";"Common";"0";""
"token";"{Hero Token} (#006) // {Horror Token}";"";"";"FIN";"Common (FOIL)";"0";""
"token";"{Hero Token} (#006) // {Robot Warrior Token}";"";"";"FIN";"Common";"0";""
"token";"{Hero Token} (#006) // {Robot Warrior Token}";"";"";"FIN";"Common (FOIL)";"0";""
"token";"{Hero Token} (#006) // {Treasure Token}";"";"";"FIN";"Common";"0";""
"token";"{Hero Token} (#006) // {Treasure Token}";"";"";"FIN";"Common (FOIL)";"0";""
"token";"{Hero Token} (#006) // {Wizard Token} (#015)";"";"";"FIN";"Common";"0";""
"token";"{Hero Token} (#006) // {Wizard Token} (#015)";"";"";"FIN";"Common (FOIL)";"0";""
"token";"{Hero Token} (#007) // {Horror Token}";"";"";"FIN";"Common";"0";""
"token";"{Hero Token} (#007) // {Horror Token}";"";"";"FIN";"Common (FOIL)";"0";""
"token";"{Hero Token} (#007) // {Robot Warrior Token}";"";"";"FIN";"Common";"0";""
"token";"{Hero Token} (#007) // {Robot Warrior Token}";"";"";"FIN";"Common (FOIL)";"0";""
"token";"{Hero Token} (#007) // {Treasure Token}";"";"";"FIN";"Common";"0";""
"token";"{Hero Token} (#007) // {Treasure Token}";"";"";"FIN";"Common (FOIL)";"0";""
"token";"{Hero Token} (#007) // {Wizard Token} (#015)";"";"";"FIN";"Common";"0";""
"token";"{Hero Token} (#007) // {Wizard Token} (#015)";"";"";"FIN";"Common (FOIL)";"0";""
"token";"{Hero Token} (#008) // {Human Soldier Token}";"";"";"FIN";"Common";"0";""
"token";"{Hero Token} (#008) // {Human Soldier Token}";"";"";"FIN";"Common (FOIL)";"0";""
"token";"{Hero Token} (#008) // {Robot Warrior Token}";"";"";"FIN";"Common";"0";""
"token";"{Hero Token} (#008) // {Robot Warrior Token}";"";"";"FIN";"Common (FOIL)";"0";""
"token";"{Hero Token} (#008) // {Treasure Token}";"";"";"FIN";"Common";"0";""
"token";"{Hero Token} (#008) // {Treasure Token}";"";"";"FIN";"Common (FOIL)";"0";""
"token";"{Hero Token} (#009) // {Human Soldier Token}";"";"";"FIN";"Common";"0";""
"token";"{Hero Token} (#009) // {Human Soldier Token}";"";"";"FIN";"Common (FOIL)";"0";""
"token";"{Hero Token} (#009) // {Treasure Token}";"";"";"FIN";"Common";"0";""
"token";"{Hero Token} (#009) // {Treasure Token}";"";"";"FIN";"Common (FOIL)";"0";""
"token";"{Human Citizen Token} // {Treasure Token}";"";"";"SPM";"Common";"0";""
"token";"{Human Citizen Token} // {Treasure Token}";"";"";"SPM";"Common (Foil)";"0";""
"token";"{Illusion Villain Token} // {Spider Token}";"";"";"SPM";"Common";"0";""
"token";"{Illusion Villain Token} // {Spider Token}";"";"";"SPM";"Common (Foil)";"0";""
"token";"{Inkling Token} (#006) // {Spirit Token} (#010)";"";"";"SOS";"Common";"0";""
"token";"{Inkling Token} (#006) // {Spirit Token} (#010)";"";"";"SOS";"Common (FOIL)";"0";""
"token";"{Inkling Token} (#007) // {Spirit Token} (#011)";"";"";"SOS";"Common";"0";""
"token";"{Inkling Token} (#007) // {Spirit Token} (#011)";"";"";"SOS";"Common (FOIL)";"0";""
"token";"{Moogle Token} // {Treasure Token}";"";"";"FIN";"Common";"0";""
"token";"{Moogle Token} // {Treasure Token}";"";"";"FIN";"Common (FOIL)";"0";""
"token";"{Moogle Token} // {Zombie Token}";"";"";"FIN";"Common";"0";""
"token";"{Moogle Token} // {Zombie Token}";"";"";"FIN";"Common (FOIL)";"0";""
"token";"{Mutagen Token} // {Mutant Token}";"";"";"TMT";"Common";"0";""
"token";"{Mutagen Token} // {Mutant Token}";"";"";"TMT";"Common (FOIL)";"0";""
"token";"{Mutagen Token} // {Ninja Token}";"";"";"TMT";"Common";"0";""
"token";"{Mutagen Token} // {Ninja Token}";"";"";"TMT";"Common (FOIL)";"0";""
"token";"{Mutagen Token} // {Robot Token}";"";"";"TMT";"Common";"0";""
"token";"{Mutagen Token} // {Robot Token}";"";"";"TMT";"Common (FOIL)";"0";""
"token";"{Ninja Token} // {Treasure Token}";"";"";"TMT";"Common (FOIL)";"0";""
"token";"{Pest Token} (#008) // {Professor Dellian Fel Emblem}";"";"";"SOS";"Common";"0";""
"token";"{Pest Token} (#008) // {Professor Dellian Fel Emblem}";"";"";"SOS";"Common (FOIL)";"0";""
"token";"{Pilot Token} // {Treasure Token}";"";"";"DFT";"Token";"0";""
"token";"{Pilot Token} // {Vehicle Token}";"";"";"DFT";"Token";"0";""
"token";"{Pilot Token} // {Zombie Token} (Black)";"";"";"DFT";"Token";"0";""
"token";"{Punch Card} (#002a) // {Punch Card} (#002b)";"";"";"SOS";"Common";"0";""
"token";"{Punch Card} (#002a) // {Punch Card} (#002b)";"";"";"SOS";"Common (FOIL)";"0";""
"token";"{Robot Token} // {Treasure Token}";"";"";"TMT";"Common";"0";""
"token";"{Robot Token} // {Treasure Token}";"";"";"TMT";"Common (FOIL)";"0";""
"token";"{Robot Warrior Token} // {Sephiroth, One-Winged Angel Emblem}";"";"";"FIN";"Common";"0";""
"token";"{Robot Warrior Token} // {Sephiroth, One-Winged Angel Emblem}";"";"";"FIN";"Common (FOIL)";"0";""
"token";"{Servo Token} // {Thopter Token} (#009)";"";"";"DFT";"Token";"0";""
"token";"{Spider Token} // {Treasure Token}";"";"";"SPM";"Common";"0";""
"token";"{Spider Token} // {Treasure Token}";"";"";"SPM";"Common (Foil)";"0";""
"token";"{Thopter Token} (#009) // {Treasure Token}";"";"";"DFT";"Token";"0";""
"token";"{Zombie Token} (2/2) // {Zombie Token} (2/2) (Decayed)";"";"";"DFT";"Token";"0";""
"token";"Angel Token";"";"";"2X2";"Tokens";"0";""
"token";"Angel Token";"";"";"CMR";"Tokens";"0";""
"token";"Angel Token";"";"";"CON";"Common";"0";""
"token";"Angel Token";"";"";"MH1";"Tokens";"0";""
"token";"Angel Token";"";"";"ORI";"Common";"0";""
"token";"Angel Token";"";"";"SPG";"Special";"0";""
"token";"Angel Token";"";"";"SPG";"Special";"0";""
"token";"Angel Token (foil)";"";"";"MH1";"Tokens";"0";""
"token";"Ape Token (FOIL)";"";"";"2XM";"Tokens";"0";""
"token";"Assassin Token";"";"";"CN2";"Common";"0";""
"token";"Assembly-Worker Token";"";"";"TSR";"Tokens";"0";""
"token";"Avatar Token";"";"";"STX";"Common";"0";""
"token";"Bat Token";"";"";"MKM";"Tokens";"0";""
"token";"Bear Token";"";"";"ELD";"Tokens";"0";""
"token";"Bear Token";"";"";"MH1";"Tokens";"0";""
"token";"Bear Token (foil)";"";"";"MH1";"Tokens";"0";""
"token";"Beast Token (Donahue)";"";"";"DDD";"Duel Decks: Garruk vs Liliana";"0";""
"token";"Bird Token (foil)";"";"";"MH1";"Tokens";"0";""
"token";"Bird Token // Inkling Token";"";"";"TDM";"Tokens";"0";""
"token";"Bird Token // Monk Token";"";"";"TDM";"Tokens";"0";""
"token";"Bird Token // Spider Token";"";"";"TDM";"Tokens";"0";""
"token";"Bird Token // Thopter Token";"";"";"TDM";"Tokens";"0";""
"token";"Blood Token";"";"";"MH3";"Common";"0";""
"token";"Cat Dragon Token";"";"";"2X2";"Tokens";"0";""
"token";"Cat Token";"";"";"MH3";"Common";"0";""
"token";"Cat Token (0027)";"";"";"FDN";"Common";"0";""
"token";"Construct Token";"";"";"DMR";"Common";"0";""
"token";"Construct Token";"";"";"MH1";"Tokens";"0";""
"token";"Construct Token (0041)";"";"";"CMM";"Common";"0";""
"token";"Construct Token (0042)";"";"";"CMM";"Common";"0";""
"token";"Construct Token (foil)";"";"";"MH1";"Tokens";"0";""
"token";"Copy Token";"";"";"CMR";"Tokens";"0";""
"token";"Copy Token (Foil)";"";"";"SNC";"Common FOIL";"0";""
"token";"Copy Token // Dragon Token (5/5)";"";"";"TDM";"Tokens";"0";""
"token";"Copy Token // Karox Bladewing Token";"";"";"TDM";"Tokens";"0";""
"token";"Copy Token // Monk Token";"";"";"TDM";"Tokens";"0";""
"token";"Copy Token // Soldier Token (#032)";"";"";"TDM";"Tokens";"0";""
"token";"Coruscation Mage Token";"";"";"BLB";"Common";"0";""
"token";"Devil Token";"";"";"SPG";"Special";"0";""
"token";"Dinosaur Egg Token";"";"";"LCI";"Common";"0";""
"token";"Dinosaur Token";"";"";"MOM";"Tokens";"0";""
"token";"Dragon Spirit Token";"";"";"NEO";"Tokens";"0";""
"token";"Dragon Token";"";"";"BFZ";"Tokens";"0";"6706"
"token";"Dragon Token";"";"";"CMR";"Tokens";"0";""
"token";"Dragon Token";"";"";"SPG";"Special";"0";""
"token";"Dragon Token (0017)";"";"";"FDN";"Common";"0";""
"token";"Dragon Token (4/4) // Reliquary Dragon Token";"";"";"TDM";"Tokens";"0";""
"token";"Dragon Token (4/4) // Warrior Token";"";"";"TDM";"Tokens";"0";""
"token";"Drake Token";"";"";"2X2";"Tokens";"0";""
"token";"Egg Token";"";"";"2X2";"Tokens";"0";""
"token";"Eldrazi Scion Token (2 A)";"";"";"BFZ";"Tokens";"0";"6707"
"token";"Eldrazi Scion Token (3 B)";"";"";"BFZ";"Tokens";"0";"6708"
"token";"Eldrazi Scion Token (4 C)";"";"";"BFZ";"Tokens";"0";"6709"
"token";"Eldrazi Token";"";"";"BFZ";"Tokens";"0";"6710"
"token";"Elemental Token";"";"";"2X2";"Tokens";"0";""
"token";"Elemental Token";"";"";"BFZ";"Tokens";"0";"6711"
"token";"Elemental Token (Minguez, foil)";"";"";"MH1";"Tokens";"0";""
"token";"Elemental Token (Minguez)";"";"";"MH1";"Tokens";"0";""
"token";"Elemental Token (Nelson, foil)";"";"";"MH1";"Tokens";"0";""
"token";"Elemental Token (Red/Green)";"";"";"BFZ";"Tokens";"0";"6712"
"token";"Elephant Token";"";"";"DDD";"Duel Decks: Garruk vs Liliana";"0";""
"token";"Elephant Token ";"";"";"MH1";"Tokens";"0";""
"token";"Elephant Token (foil)";"";"";"MH1";"Tokens";"0";""
"token";"Elephant Token // Treasure Token";"";"";"TDM";"Tokens";"0";""
"token";"Elf Warrior Token";"";"";"CMR";"Tokens";"0";""
"token";"Elf Warrior Token";"";"";"DD1";"Duel Decks: Elves vs Goblins";"0";""
"token";"Elf Warrior Token";"";"";"LRW";"Common";"0";""
"token";"Emblem (Elspeth, Sun's Champion)";"";"";"THS";"Common";"0";""
"token";"Emblem (Kiora, Master of the Depths)";"";"";"BFZ";"Tokens";"0";"6714"
"token";"Emblem (Koth of the Hammer)";"";"";"DDI";"Common";"0";""
"token";"Emblem (Ob Nixilis Reignited)";"";"";"BFZ";"Tokens";"0";"6715"
"token";"Emblem (Tezzeret, Betrayer of Flesh)";"";"";"NEO";"Tokens";"0";""
"token";"Faerie Rogue Token";"";"";"2X2";"Tokens";"0";""
"token";"Faerie Rogue Token";"";"";"MOR";"Tokens";"0";""
"token";"Faerie Token";"";"";"ELD";"Tokens";"0";""
"token";"First Mate Ragavan Token";"";"";"MOM";"Tokens";"0";""
"token";"Food Token (015)";"";"";"ELD";"Tokens";"0";""
"token";"Food Token (017)";"";"";"ELD";"Tokens";"0";""
"token";"Food Token (018)";"";"";"ELD";"Tokens";"0";""
"token";"Forest Dryad Token";"";"";"BRO";"Common";"0";""
"token";"Gnome Token";"";"";"BIG";"The Big Score";"0";""
"token";"Goat Token";"";"";"ELD";"Tokens";"0";""
"token";"Goblin Token";"";"";"10E";"Tokens";"0";""
"token";"Goblin Token";"";"";"ALA";"Tokens";"0";""
"token";"Goblin Token";"";"";"KTK";"Common";"0";""
"token";"Goblin Token";"";"";"MKM";"Tokens";"0";""
"token";"Goblin Token";"";"";"RNA";"Token";"0";""
"token";"Goblin Token";"";"";"SPG";"Special";"0";""
"token";"Goblin Token";"";"";"SPG";"Special";"0";""
"token";"Goblin Token";"";"";"TSR";"Tokens";"0";""
"token";"Goblin Token (foil)";"";"";"MH1";"Tokens";"0";""
"token";"Goblin Token // Soldier Token (#004)";"";"";"TDM";"Tokens";"0";""
"token";"Goblin Token // Warrior Token";"";"";"TDM";"Tokens";"0";""
"token";"Golem Token";"";"";"CMR";"Tokens";"0";""
"token";"Golem Token";"";"";"MH1";"Tokens";"0";""
"token";"Golem Token (foil)";"";"";"MH1";"Tokens";"0";""
"token";"Griffin Token";"";"";"TSR";"Tokens";"0";""
"token";"Guenhwyvar Token";"";"";"AFR";"Common";"0";""
"token";"Horror Token";"";"";"CMR";"Tokens";"0";""
"token";"Human Soldier Token (0001)";"";"";"LTR";"Tokens";"0";""
"token";"Human Soldier Token (0002)";"";"";"LTR";"Tokens";"0";""
"token";"Insect Token";"";"";"SPG";"Special";"0";""
"token";"Iridescent Vinelasher Token";"";"";"BLB";"Common";"0";""
"token";"Knight Ally Token";"";"";"BFZ";"Tokens";"0";"6716"
"token";"Knight Token";"";"";"2X2";"Tokens";"0";""
"token";"Knight Token";"";"";"ELD";"Tokens";"0";""
"token";"Knight Token";"";"";"TSR";"Tokens";"0";""
"token";"Kobold Token";"";"";"TSR";"Tokens";"0";""
"token";"Kor Ally Token";"";"";"BFZ";"Tokens";"0";"6717"
"token";"Liliana, the Last Hope Emblem";"";"";"2X2";"Tokens";"0";""
"token";"Marit Lage Token";"";"";"MH1";"Tokens";"0";""
"token";"Marit Lage Token (foil)";"";"";"MH1";"Tokens";"0";""
"token";"Mechtitan Token";"";"";"NEO";"Tokens";"0";""
"token";"Monk Token";"";"";"MOM";"Tokens";"0";""
"token";"Monk Token // Treasure Token";"";"";"TDM";"Tokens";"0";""
"token";"Myr Token";"";"";"MH1";"Tokens";"0";""
"token";"Myr Token (foil)";"";"";"MH1";"Tokens";"0";""
"token";"Myr Token (FOIL)";"";"";"2XM";"Tokens";"0";""
"token";"Ninja Token";"";"";"NEO";"Tokens";"0";""
"token";"Nissa (Emblem)";"";"";"SPG";"Special";"0";""
"token";"Octopus Token";"";"";"BFZ";"Tokens";"0";"6718"
"token";"Phyrexian Hydra Token (0011)";"";"";"MOM";"Tokens";"0";""
"token";"Plant Token";"";"";"BFZ";"Tokens";"0";"6719"
"token";"Plant Token";"";"";"MKM";"Tokens";"0";""
"token";"Rat Token";"";"";"ELD";"Tokens";"0";""
"token";"Rhino Token";"";"";"MH1";"Tokens";"0";""
"token";"Rock Token";"";"";"CMR";"Tokens";"0";""
"token";"Saproling Token";"";"";"2X2";"Tokens";"0";""
"token";"Sephiroth, One-Winged Angel Emblem";"";"";"FIN";"Common";"0";""
"token";"Serf Token";"";"";"EMA";"Common";"0";""
"token";"Shark Token";"";"";"IKO";"Common";"0";""
"token";"Shrine Token";"";"";"NEO";"Common";"0";""
"token";"Smaug Token";"";"";"LTR";"Tokens";"0";""
"token";"Snake Token";"";"";"MH3";"Common";"0";""
"token";"Soldier Token";"";"";"2X2";"Tokens";"0";""
"token";"Soldier Token";"";"";"CMR";"Tokens";"0";""
"token";"Soldier Token";"";"";"SPG";"Special";"0";""
"token";"Soldier Token";"";"";"TSR";"Tokens";"0";""
"token";"Soldier Token - Spirit Token";"";"";"C14";"Common";"0";""
"token";"Soldier Token (#004) // Soldier Token (#005)";"";"";"TDM";"Tokens";"0";""
"token";"Soldier Token (008)";"";"";"BRO";"Common";"0";""
"token";"Soldier Token (009)";"";"";"BRO";"Common";"0";""
"token";"Soldier Token (foil)";"";"";"MH1";"Tokens";"0";""
"token";"Spider Token";"";"";"2X2";"Tokens";"0";""
"token";"Spider Token";"";"";"MH1";"Tokens";"0";""
"token";"Spider Token";"";"";"TSR";"Tokens";"0";""
"token";"Spider Token (foil)";"";"";"MH1";"Tokens";"0";""
"token";"Spirit Token";"";"";"CMR";"Tokens";"0";""
"token";"Spirit Token";"";"";"FRF";"Tokens";"0";""
"token";"Spirit Token";"";"";"LTR";"Tokens";"0";""
"token";"Spirit Token";"";"";"MKM";"Tokens";"0";""
"token";"Spirit Token";"";"";"RNA";"Token";"0";""
"token";"Spirit Token";"";"";"SHM";"Tokens";"0";""
"token";"Spirit Token (002)";"";"";"2X2";"Tokens";"0";""
"token";"Spirit Token (008)";"";"";"2X2";"Tokens";"0";""
"token";"Spirit Token (1/1) // Spirit Token (2/2)";"";"";"TDM";"Tokens";"0";""
"token";"Spirit Token (3/3) // Spirit Token (*/*)";"";"";"TDM";"Tokens";"0";""
"token";"Squirrel Token";"";"";"MH1";"Tokens";"0";""
"token";"Squirrel Token (foil)";"";"";"MH1";"Tokens";"0";""
"token";"Tentacle Token";"";"";"LTR";"Tokens";"0";""
"token";"The Monarch Token";"";"";"CMR";"Tokens";"0";""
"token";"Thopter Token";"";"";"RNA";"Token";"0";""
"token";"Thrull Token";"";"";"CMM";"Common";"0";""
"token";"Thrull Token";"";"";"CMR";"Tokens";"0";""
"token";"Treasure Token";"";"";"CMR";"Tokens";"0";""
"token";"Treasure Token";"";"";"LTR";"Tokens";"0";""
"token";"Treasure Token";"";"";"RNA";"Token";"0";""
"token";"Treasure Token // Zombie Druid Token";"";"";"TDM";"Tokens";"0";""
"token";"Vampire Token";"";"";"MOM";"Tokens";"0";""
"token";"Wolf Token";"";"";"ELD";"Tokens";"0";""
"token";"Wolf Token";"";"";"SPG";"Special";"0";""
"token";"Wrenn and Realmbreaker Emblem";"";"";"MOM";"Tokens";"0";""
"token";"Wrenn and Six Emblem";"";"";"2X2";"Tokens";"0";""
"token";"Wurm Token - Goat Token (Deathtouch)";"";"";"C14";"Common";"0";""
"token";"Wurm Token - Goat Token (Lifelink)";"";"";"C14";"Common";"0";""
"token";"Wurm Token (Deathtouch)";"";"";"SOM";"Common";"0";""
"token";"Wurm Token (FOIL)";"";"";"2XM";"Tokens";"0";""
"token";"Wurm Token (FOIL)";"";"";"2XM";"Tokens";"0";""
"token";"Zombie Token";"";"";"2X2";"Tokens";"0";""
"token";"Zombie Token";"";"";"CMR";"Tokens";"0";""
"token";"Zombie Token";"";"";"RNA";"Token";"0";""
"token";"Zombie Token";"";"";"SPG";"Special";"0";""
"token";"Zombie Token (foil)";"";"";"MH1";"Tokens";"0";""
"token";"Zombie Warrior Token";"";"";"SPG";"Special";"0";""
"ukjent";"Ephermate (artwork)";"";"";"MH1";"Artwork";"14";""
"ukjent";"Lightning Skelemental (artwork";"";"";"MH1";"Artwork";"13";""
"ukjent";"Dawn Angel";"";"";"THB";"Uncommon";"8";""
"ukjent";"Deduce";"";"";"SOS";"Mystical Archive";"8";""
"ukjent";"Disdainful Stroke";"";"";"SOS";"Mystical Archive";"8";""
"ukjent";"Dissapearing Act";"";"";"KLD";"Uncommon";"8";"13299"
"ukjent";"Duty Beyond Death";"";"";"SOS";"Mystical Archive";"8";""
"ukjent";"Erase (Not the Urza's Legacy One)";"";"";"UNH";"Common";"8";"12714"
"ukjent";"Exitractor of Sin";"";"";"EMN";"Uncommon";"8";"11697"
"ukjent";"Fight of the Equenauts";"";"";"GRN";"Uncommon";"8";""
"ukjent";"Giant Growth";"";"";"SOS";"Mystical Archive";"8";""
"ukjent";"Grizzeled Anger";"";"";"EMN";"Uncommon";"8";"11523"
"ukjent";"Homungulus";"";"";"RNA";"Common";"8";""
"ukjent";"Hunt of the Week";"";"";"KLD";"Common";"8";"13134"
"ukjent";"Knockout Maneuver";"";"";"SOS";"Mystical Archive";"8";""
"ukjent";"Locust Spray";"";"";"SOS";"Mystical Archive";"8";""
"ukjent";"Monstrous Rage";"";"";"SOS";"Mystical Archive";"8";""
"ukjent";"Ninth Bridge Control";"";"";"KLD";"Common";"8";"13149"
"ukjent";"Rakdos Guildgate 256B";"";"";"RNA";"Common";"8";""
"ukjent";"Repel Calamity";"";"";"SOS";"Mystical Archive";"8";""
"ukjent";"Spilcer's Skill";"";"";"MH1";"Uncommon";"8";""
"ukjent";"Abrade";"";"";"SOS";"Mystical Archive";"7";""
"ukjent";"Boros Guildgate 244B";"";"";"GRN";"Common";"7";""
"ukjent";"Depala, Pioneer Exemplar";"";"";"KLD";"Rare";"7";"13239"
"ukjent";"Duress";"";"";"STX";"Uncommon";"7";""
"ukjent";"Hanweir Battlements // Hanweir, the Writhing Township (Top)";"";"";"INR";"Rare";"7";""
"ukjent";"Helping Hand";"";"";"SOS";"Mystical Archive";"7";""
"ukjent";"Hop to It";"";"";"SOS";"Mystical Archive";"7";""
"ukjent";"Quarry Howler";"";"";"AKH";"Common";"7";"13725"
"ukjent";"Selesnya Guildgate 256B";"";"";"GRN";"Common";"7";""
"ukjent";"Shaun and Rebecca, Agents";"";"";"ACR";"Rare";"7";""
"ukjent";"Simic Guildgate 257A";"";"";"RNA";"Common";"7";""
"ukjent";"Stargaze";"";"";"SOS";"Mystical Archive";"7";""
"ukjent";"Vanille, Cheerful l'Cie // Ragnarok, Divine Deliverance (Top)";"";"";"FIN";"Uncommon";"7";""
"ukjent";"Vizier of Anointed";"";"";"HOU";"Uncommon";"7";"13857"
"ukjent";"Zombify";"";"";"SOS";"Mystical Archive";"7";""
"ukjent";"Adorned Puoncer";"";"";"HOU";"Rare";"6";"13886"
"ukjent";"Adventurous Impulse";"";"";"STX";"Uncommon";"6";""
"ukjent";"Alesha, Who Smiles at Death";"";"";"CMB1";"Rare";"6";""
"ukjent";"Azorius Guildgate 244B";"";"";"RNA";"Common";"6";""
"ukjent";"Bulk Up";"";"";"SOS";"Mystical Archive";"6";""
"ukjent";"Defiant Strike";"";"";"STX";"Uncommon";"6";""
"ukjent";"Essence Backland";"";"";"RTR";"Common";"6";""
"ukjent";"Feed the Swarm";"";"";"SOS";"Mystical Archive";"6";""
"ukjent";"Gruul Guildgate 250B";"";"";"RNA";"Common";"6";""
"ukjent";"Hanweir Garrison // Hanweir, the Writhing Township (Bottom)";"";"";"INR";"Rare";"6";""
"ukjent";"Mulldrifter";"";"";"SPG";"Special";"6";""
"ukjent";"Our Market Research Shows That Players Like Really Long Card Nam";"";"";"UNH";"Common";"6";"12738"
"ukjent";"Paradoxical Outcome";"";"";"SPG";"Special";"6";""
"ukjent";"Pick Your Poison";"";"";"SOS";"Mystical Archive";"6";""
"ukjent";"Requisition Raid";"";"";"SOS";"Mystical Archive";"6";""
"ukjent";"Selesnya Guildgate 255A";"";"";"GRN";"Common";"6";""
"ukjent";"Simic Guildgate 258B";"";"";"RNA";"Common";"6";""
"ukjent";"Voidmage Prodigy";"";"";"SPG";"Special";"6";""
"ukjent";"Dawn Angel (foil)";"";"";"THB";"Uncommon (FOIL)";"5";""
"ukjent";"Divine Gambit";"";"";"STX";"Uncommon";"5";""
"ukjent";"Fang, Fearless l'Cie // Ragnarok, Divine Deliverance (Bottom)";"";"";"FIN";"Uncommon";"5";""
"ukjent";"Gideon Jura";"";"";"CMB1";"Mythic";"5";""
"ukjent";"Golgari Guildgate 248A";"";"";"GRN";"Common";"5";""
"ukjent";"Golgari Guildgate 249B";"";"";"GRN";"Common";"5";""
"ukjent";"Gruul Guildgate 249A";"";"";"RNA";"Common";"5";""
"ukjent";"Izzet Guildgate 251A";"";"";"GRN";"Common";"5";""
"ukjent";"Mirran Crusader";"";"";"CMB1";"Rare";"5";""
"ukjent";"Planar Outburst";"";"";"ZNR";"Commander";"5";""
"ukjent";"Revitalize";"";"";"STX";"Uncommon";"5";""
"ukjent";"Scragnoth";"";"";"SPG";"Special";"5";""
"ukjent";"Snakeskin Veil";"";"";"STX";"Uncommon";"5";""
"ukjent";"Willbender";"";"";"SPG";"Special";"5";""
"ukjent";"Avacyn's Judgment";"";"";"VOW";"Commander";"4";""
"ukjent";"Disdainful Stroke";"";"";"SPG";"Special";"4";""
"ukjent";"Dreadhorde Arcanist";"";"";"SPG";"Special";"4";""
"ukjent";"Hour of Eternity";"";"";"MID";"Commander";"4";""
"ukjent";"Infuriate";"";"";"STX";"Uncommon";"4";""
"ukjent";"Join the Dance";"";"";"TLA";"Eternal-Legal";"4";""
"ukjent";"Magmaw";"";"";"CMB1";"Uncommon";"4";""
"ukjent";"Maverick Thopterist (Duel Decks)";"";"";"CMB1";"Uncommon";"4";""
"ukjent";"Orzhov Guildgate 253B";"";"";"RNA";"Common";"4";""
"ukjent";"Silumgar's Command";"";"";"ZNR";"Commander";"4";""
"ukjent";"Winged Shepard";"";"";"AKH";"Common";"4";"13706"
"ukjent";"Burst Lightning";"";"";"SOS";"Mystical Archive";"3";""
"ukjent";"Contamination (Urza's Saga)";"";"";"CMB1";"Rare";"3";""
"ukjent";"Cultivator of Blades";"";"";"KHM";"Commander";"3";""
"ukjent";"Disa the Restless";"";"";"MH3";"Commander";"3";""
"ukjent";"Dungrove Elder";"";"";"CMB1";"Rare";"3";""
"ukjent";"Eater of Hope";"";"";"MID";"Commander";"3";""
"ukjent";"Eliminate";"";"";"STX";"Uncommon";"3";""
"ukjent";"Evra, Halcyon Witness";"";"";"CMB1";"Rare";"3";""
"ukjent";"Fblthp, the Lost";"";"";"CMB1";"Rare";"3";""
"ukjent";"Hero of Bretagard";"";"";"KHM";"Commander";"3";""
"ukjent";"Imoti, Celebrant of Bounty (foil)";"";"";"MOM";"Multiverse Legends (FOIL)";"3";""
"ukjent";"Island 267 (foil)";"";"";"M20";"Common (FOIL)";"3";""
"ukjent";"Mountain 274 (foil)";"";"";"M20";"Common (FOIL)";"3";""
"ukjent";"Mountain 276 (foil)";"";"";"M20";"Common (FOIL)";"3";""
"ukjent";"Nighthowler";"";"";"ZNR";"Commander";"3";""
"ukjent";"Nissa's Renewal";"";"";"ZNR";"Commander";"3";""
"ukjent";"Putrid Warrior";"";"";"CMB1";"Common";"3";""
"ukjent";"Ranar the Ever-Watchful (Foil)";"";"";"KHM";"Commander";"3";""
"ukjent";"Royal Treatment";"";"";"SOS";"Mystical Archive";"3";""
"ukjent";"Rune-Scarred Demon";"";"";"CMB1";"Rare";"3";""
"ukjent";"Seer's Sundial";"";"";"ZNR";"Commander";"3";""
"ukjent";"Serendib Efreet";"";"";"CMB1";"Rare";"3";""
"ukjent";"Shard of Broken Glass";"";"";"CMB1";"Common";"3";""
"ukjent";"Shock";"";"";"STX";"Uncommon";"3";""
"ukjent";"Spinal Embrace";"";"";"ZNR";"Commander";"3";""
"ukjent";"Stitcher Geralf";"";"";"MID";"Commander";"3";""
"ukjent";"Sudden Demise";"";"";"CMB1";"Rare";"3";""
"ukjent";"Swamp 269 (foil)";"";"";"M20";"Common (FOIL)";"3";""
"ukjent";"Sylvan Advocate";"";"";"ZNR";"Commander";"3";""
"ukjent";"Tales of the Ancestors";"";"";"KHM";"Commander";"3";""
"ukjent";"The Brothers' War";"";"";"BRO";"Commander";"3";""
"ukjent";"Whirlwind Denial";"";"";"STX";"Uncommon";"3";""
"ukjent";"Agonizing Remorse (foil)";"";"";"STX";"Uncommon (FOIL)";"2";""
"ukjent";"Angel of Finality";"";"";"KHM";"Commander";"2";""
"ukjent";"Arcane Artisan";"";"";"KHM";"Commander";"2";""
"ukjent";"Bishop of the Bloodstained";"";"";"CMB1";"Uncommon";"2";""
"ukjent";"Boros Guildgate 243A";"";"";"GRN";"Common";"2";""
"ukjent";"Boros Reckoner";"";"";"CMB1";"Rare";"2";""
"ukjent";"Bounty of Skemfar";"";"";"KHM";"Commander";"2";""
"ukjent";"Brago, King Eternal";"";"";"KHM";"Commander";"2";""
"ukjent";"Breathkeeper Seraph";"";"";"VOW";"Commander";"2";""
"ukjent";"Captain America, First Avenger";"";"";"SPM";"Eternal Legal";"2";""
"ukjent";"Clockwork Dragon";"";"";"CMB1";"Rare";"2";""
"ukjent";"Collective Brutality";"";"";"CMB1";"Rare";"2";""
"ukjent";"Dark Impostor";"";"";"VOW";"Commander";"2";""
"ukjent";"Day of the Dragons";"";"";"KHM";"Commander";"2";""
"ukjent";"Eloise, Nephalia Sleuth (Foil)";"";"";"MID";"Commander";"2";""
"ukjent";"Enchanted Evening";"";"";"CMB1";"Rare";"2";""
"ukjent";"Ethereal Armor";"";"";"SPG";"Special";"2";""
"ukjent";"Expedition Map (borderless)";"";"";"PUMA";"Box Topper";"2";""
"ukjent";"Forest 280 (foil)";"";"";"M20";"Common (FOIL)";"2";""
"ukjent";"Forstburn Weird";"";"";"RTR";"Common";"2";""
"ukjent";"Geist-Honored Monk";"";"";"KHM";"Commander";"2";""
"ukjent";"Ghitu Fire (Invasion)";"";"";"CMB1";"Rare";"2";""
"ukjent";"Glittering Wish (Foil)";"";"";"CMB1";"Rare";"2";""
"ukjent";"Gorex, the Tombshell";"";"";"MID";"Commander";"2";""
"ukjent";"Havengul Runebinder";"";"";"MID";"Commander";"2";""
"ukjent";"Intangible Virtue";"";"";"SPG";"Special";"2";""
"ukjent";"Island 265 (foil)";"";"";"M20";"Common (FOIL)";"2";""
"ukjent";"Island 268 (foil)";"";"";"M20";"Common (FOIL)";"2";""
"ukjent";"Karrthus, Tyrant of Jund (Foil)";"";"";"CMB1";"Mythic";"2";""
"ukjent";"Laid to Rest";"";"";"CMB1";"Uncommon";"2";""
"ukjent";"Laurine, the Diversion";"";"";"VOW";"Commander";"2";""
"ukjent";"Leveler (Foil)";"";"";"CMB1";"Rare";"2";""
"ukjent";"Leyline of the Void";"";"";"SPG";"Special";"2";""
"ukjent";"Marshal's Anthem";"";"";"KHM";"Commander";"2";""
"ukjent";"Millstone (Magic 2014)";"";"";"CMB1";"Uncommon";"2";""
"ukjent";"Mountain 273 (foil)";"";"";"M20";"Common (FOIL)";"2";""
"ukjent";"Mountain 275 (foil)";"";"";"M20";"Common (FOIL)";"2";""
"ukjent";"Mystery Key";"";"";"CMB1";"Uncommon";"2";""
"ukjent";"Nightmare";"";"";"CMB1";"Rare";"2";""
"ukjent";"Phyrexian Plaguelord";"";"";"CMB1";"Rare";"2";""
"ukjent";"Pir's Whim";"";"";"CMB1";"Rare";"2";""
"ukjent";"Pledge the Unity";"";"";"WAR";"Uncommon";"2";""
"ukjent";"Promise of Power";"";"";"CMB1";"Rare";"2";""
"ukjent";"Raff, Weatherlight Stalwart (foil)";"";"";"MOM";"Multiverse Legends (FOIL)";"2";""
"ukjent";"Ravenous Tyrannosaurus";"";"";"SPM";"Eternal Legal";"2";""
"ukjent";"Release the Gremlins";"";"";"CMB1";"Rare";"2";""
"ukjent";"Rona, Sheoldred's Faithful (foil)";"";"";"MOM";"Multiverse Legends (FOIL)";"2";""
"ukjent";"Sardian Avenger";"";"";"BRO";"Commander";"2";""
"ukjent";"Satya, Aetherflux Genius";"";"";"MH3";"Commander";"2";""
"ukjent";"Savage Knuckleblade";"";"";"CMB1";"Rare";"2";""
"ukjent";"Skyhunter Strike Force";"";"";"ONE";"Commander";"2";""
"ukjent";"Sorcerous Spyglass";"";"";"SPG";"Special";"2";""
"ukjent";"Spectral Force";"";"";"CMB1";"Rare";"2";""
"ukjent";"Spell Pierce";"";"";"SOS";"Mystical Archive";"2";""
"ukjent";"Spellweaver Volute (Foil)";"";"";"CMB1";"Rare";"2";""
"ukjent";"Steamflogger Boss";"";"";"CMB1";"Rare";"2";""
"ukjent";"Strategic Planning";"";"";"STX";"Uncommon";"2";""
"ukjent";"Sun Titan";"";"";"KHM";"Commander";"2";""
"ukjent";"Swamp 270 (foil)";"";"";"M20";"Common (FOIL)";"2";""
"ukjent";"Swamp 271 (foil)";"";"";"M20";"Common (FOIL)";"2";""
"ukjent";"Synthetic Destiny";"";"";"KHM";"Commander";"2";""
"ukjent";"Temur Battle Rage";"";"";"SPG";"Special";"2";""
"ukjent";"Thieves' Guild Enforcer";"";"";"JMP";"Jumpstart";"2";""
"ukjent";"Thousand Winds";"";"";"CMB1";"Rare";"2";""
"ukjent";"Time of Need";"";"";"SPG";"Special";"2";""
"ukjent";"Treacherous Terrain";"";"";"CMB1";"Uncommon";"2";""
"ukjent";"Treasury Thrull";"";"";"CMB1";"Rare";"2";""
"ukjent";"Trove Warden";"";"";"ZNR";"Commander";"2";""
"ukjent";"Urza's Rage";"";"";"CMB1";"Rare";"2";""
"ukjent";"Urza's Workshop";"";"";"BRO";"Commander";"2";""
"ukjent";"Violent Ultimatum";"";"";"CMB1";"Rare";"2";""
"ukjent";"Visions of Dread";"";"";"MID";"Commander";"2";""
"ukjent";"Voice of the Woods";"";"";"KHM";"Commander";"2";""
"ukjent";"Waker of the Wilds";"";"";"ZNR";"Commander";"2";""
"ukjent";"Whirler Virtouso";"";"";"KLD";"Uncommon";"2";"13355"
"ukjent";"Yore-Tiller Nephilim (Foil)";"";"";"CMB1";"Rare";"2";""
"ukjent";"Yore-Tiller Nephilim (Non-Foil)";"";"";"CMB1";"Rare";"2";""
"ukjent";"Agent of Treachery";"";"";"TLA";"Eternal-Legal";"1";""
"ukjent";"Ajani's Last Stand";"";"";"CMB1";"Rare";"1";""
"ukjent";"Alesha, Who Smiles at Death";"";"";"DMU";"Commander";"1";""
"ukjent";"Alpine Moon (Core Set 2019)";"";"";"CMB1";"Rare";"1";""
"ukjent";"Ancestor's Prophet";"";"";"CMB1";"Rare";"1";""
"ukjent";"Angel of Vitality";"";"";"JMP";"Jumpstart";"1";""
"ukjent";"Angel's Grace";"";"";"CMB1";"Rare";"1";""
"ukjent";"Arcbound Ravager";"";"";"TMT";"Source Material Cards";"1";""
"ukjent";"Armed with Proof (Extended Art)";"";"";"MKM";"Commander";"1";""
"ukjent";"Assault - Battery";"";"";"SPG";"Special";"1";""
"ukjent";"Aurelia's Fury (Foil)";"";"";"CMB1";"Mythic";"1";""
"ukjent";"Avalanche Riders (Foil)";"";"";"TSP";"FOILS";"1";""
"ukjent";"Azlask, the Swelling Scourge";"";"";"MH3";"Commander";"1";""
"ukjent";"Baxter, Fly in the Ointment";"";"";"TMT";"Eternal Legal";"1";""
"ukjent";"Become Immense";"";"";"SPG";"Special";"1";""
"ukjent";"Bedevil";"";"";"BRO";"Commander";"1";""
"ukjent";"Bitterthorn, Nissa's Animus (Extended Art)";"";"";"MOM";"Commander";"1";""
"ukjent";"Bladegriff Prototype";"";"";"OTJ";"Commander";"1";""
"ukjent";"Blast-Furnace Hellkite";"";"";"BRO";"Commander";"1";""
"ukjent";"Bonehoard";"";"";"ZNR";"Commander";"1";""
"ukjent";"Brainstorm (borderless)";"";"";"PUMA";"Box Topper";"1";""
"ukjent";"Bright-Palm, Soul Awakener";"";"";"MOM";"Commander";"1";""
"ukjent";"Browbeat";"";"";"SPG";"Special";"1";""
"ukjent";"Bygone Bishop";"";"";"VOW";"Commander";"1";""
"ukjent";"Casualties of War";"";"";"KHM";"Commander";"1";""
"ukjent";"Cavalier of Dawn (0094 - First-Place Foil)";"";"";"DFT";"FOILS";"1";""
"ukjent";"Cazur, Ruthless Stalker";"";"";"OTJ";"Commander";"1";""
"ukjent";"Celebrate the Harvest";"";"";"MID";"Commander";"1";""
"ukjent";"Celestial Kirin";"";"";"CMB1";"Rare";"1";""
"ukjent";"Chancellor of the Annex";"";"";"CMB1";"Rare";"1";""
"ukjent";"Chiss-Goria, Forge Tyrant (Extended Art)";"";"";"ONE";"Commander";"1";""
"ukjent";"Chittering Witch";"";"";"TDM";"Commander";"1";""
"ukjent";"Chong and Lily, Nomads (Foil)";"";"";"TLA";"Eternal-Legal";"1";""
"ukjent";"Cockatrice";"";"";"SPG";"Special";"1";""
"ukjent";"Consign - Oblivion";"";"";"CMB1";"Uncommon";"1";""
"ukjent";"Contagion Clasp";"";"";"CMB1";"Uncommon";"1";""
"ukjent";"Cosmic Intervention";"";"";"KHM";"Commander";"1";""
"ukjent";"Cosmic Rebirth";"";"";"MOM";"Aftermath";"1";""
"ukjent";"Counterpoint (Extended Art)";"";"";"MKM";"Commander";"1";""
"ukjent";"Court of Ardenvale";"";"";"WOE";"Commander";"1";""
"ukjent";"Cragganwick Cremator";"";"";"CMB1";"Rare";"1";""
"ukjent";"Crown of Skemfar";"";"";"KHM";"Commander";"1";""
"ukjent";"Custodi Soulbinders";"";"";"MID";"Commander";"1";""
"ukjent";"Custodi Soulbinders";"";"";"VOW";"Commander";"1";""
"ukjent";"Dauntless Dourbark (Lorwyn)";"";"";"CMB1";"Rare";"1";""
"ukjent";"Dearly Departed";"";"";"MID";"Commander";"1";""
"ukjent";"Decimator of Provinces";"";"";"EMN";"Mythic Rare";"1";"11552"
"ukjent";"Deduce (Foil)";"";"";"SOS";"Mystical Archive (FOIL)";"1";""
"ukjent";"Defiant Strike (foil)";"";"";"STX";"Uncommon (FOIL)";"1";""
"ukjent";"Dihada, Binder of Wills";"";"";"DMU";"Commander";"1";""
"ukjent";"Dimension X Pizzasaur";"";"";"TMT";"Eternal Legal";"1";""
"ukjent";"Disciple of Caelus Nin";"";"";"BRO";"Commander";"1";""
"ukjent";"Disciple of Caelus Nin (Foil)";"";"";"BRO";"Commander";"1";""
"ukjent";"Djinn Illuminatus";"";"";"CMB1";"Rare";"1";""
"ukjent";"Dolmen Gate";"";"";"CMB1";"Rare";"1";""
"ukjent";"Down (0052 - Showcase)";"";"";"OTP";"Breaking News";"1";""
"ukjent";"Dragon's Approach";"";"";"CMB1";"Common";"1";""
"ukjent";"Dread Summons";"";"";"MID";"Commander";"1";""
"ukjent";"Dreamborn Muse (Legion)";"";"";"CMB1";"Rare";"1";""
"ukjent";"Drossforge Bridge";"";"";"BRO";"Commander";"1";""
"ukjent";"Duskmantle, House of Shadow";"";"";"CMB1";"Uncommon";"1";""
"ukjent";"Dwynen, Gilt-Leaf Daen";"";"";"KHM";"Commander";"1";""
"ukjent";"Eerie Interlude";"";"";"KHM";"Commander";"1";""
"ukjent";"Elderwood Scion";"";"";"HOP";"Planechase";"1";""
"ukjent";"Elven Warhounds (Tempest)";"";"";"CMB1";"Uncommon";"1";""
"ukjent";"Emperor Mihail II (foil)";"";"";"DMU";"Commander";"1";""
"ukjent";"Emry, Lurker of the Loch";"";"";"BRO";"Commander";"1";""
"ukjent";"Endless Wurm";"";"";"CMB1";"Rare";"1";""
"ukjent";"Ethereal Valkyrie";"";"";"KHM";"Commander";"1";""
"ukjent";"Ethersworn Adjudicator";"";"";"MOM";"Commander";"1";""
"ukjent";"Exsanguinate";"";"";"CMB1";"Uncommon";"1";""
"ukjent";"Extract Brain";"";"";"OTJ";"Commander";"1";""
"ukjent";"Eye of the Storm";"";"";"CMB1";"Rare";"1";""
"ukjent";"Faithless Looting";"";"";"BRO";"Commander";"1";""
"ukjent";"Fated Return";"";"";"ZNR";"Commander";"1";""
"ukjent";"Fatespinner (Foil)";"";"";"CMB1";"Rare";"1";""
"ukjent";"Felidar Umbra";"";"";"CMB1";"Uncommon";"1";""
"ukjent";"Fiery Gambit (Foil)";"";"";"CMB1";"Rare";"1";""
"ukjent";"Fight to the Death";"";"";"SPM";"Eternal Legal";"1";""
"ukjent";"Filigree Angel";"";"";"CMB1";"Rare";"1";""
"ukjent";"Filigree Racer (Extended Art)";"";"";"MH3";"Commander";"1";""
"ukjent";"Fires of Yavimaya";"";"";"CMB1";"Uncommon";"1";""
"ukjent";"Flesh - Blood";"";"";"CMB1";"Rare";"1";""
"ukjent";"Follow the Bodies (Extended Art)";"";"";"MKM";"Commander";"1";""
"ukjent";"Forest 277 (foil)";"";"";"M20";"Common (FOIL)";"1";""
"ukjent";"Forest 279 (foil)";"";"";"M20";"Common (FOIL)";"1";""
"ukjent";"Frontline Heroism";"";"";"JMP";"Jumpstart";"1";""
"ukjent";"Gaea's Cradle (Not Tournament Legal)";"";"";"CED";"Rare";"1";""
"ukjent";"Gaea's Revenge (Magic Origins)";"";"";"CMB1";"Rare";"1";""
"ukjent";"Gatekeeper of Malakir";"";"";"CMB1";"Uncommon";"1";""
"ukjent";"Gaze of Granite";"";"";"GRN";"Guild Kits";"1";""
"ukjent";"Generous Gift";"";"";"DMU";"Commander";"1";""
"ukjent";"Generous Gift";"";"";"NEO";"Commander";"1";""
"ukjent";"Ghirapur Orrery";"";"";"BLB";"Commander";"1";""
"ukjent";"Gleaming Overseer";"";"";"MID";"Commander";"1";""
"ukjent";"Glitch Interpreter (0044 - Extended Art)";"";"";"DSK";"Commander";"1";""
"ukjent";"Goblin Trenches";"";"";"CMB1";"Rare";"1";""
"ukjent";"Goro-Goro and Satoru";"";"";"MOM";"Commander";"1";""
"ukjent";"Gravespawn Sovereign";"";"";"MID";"Commander";"1";""
"ukjent";"Greater Gargadon";"";"";"CMB1";"Rare";"1";""
"ukjent";"Guided Passage";"";"";"CMB1";"Rare";"1";""
"ukjent";"Gurmag Angler";"";"";"SPG";"Special";"1";""
"ukjent";"Hanged Executioner";"";"";"VOW";"Commander";"1";""
"ukjent";"Haunted Plate Mail";"";"";"CMB1";"Rare";"1";""
"ukjent";"Helix Pinnacle (Foil)";"";"";"CMB1";"Rare";"1";""
"ukjent";"Helm of Awakening";"";"";"CMB1";"Rare";"1";""
"ukjent";"Herald of Leshrac (Foil)";"";"";"CMB1";"Rare";"1";""
"ukjent";"Heroic Intervention";"";"";"SPM";"Eternal Legal";"1";""
"ukjent";"Heron's Grace Champion";"";"";"MID";"Commander";"1";""
"ukjent";"Hoofprints of the Stag";"";"";"BLB";"Commander";"1";""
"ukjent";"Hop to It (Foil)";"";"";"SOS";"Mystical Archive (FOIL)";"1";""
"ukjent";"Impending Disaster";"";"";"CMB1";"Rare";"1";""
"ukjent";"Imperial Hellkite";"";"";"MKM";"Commander";"1";""
"ukjent";"Infernal Sovereign (Foil)";"";"";"MOM";"Commander";"1";""
"ukjent";"Inferno Titan";"";"";"ARC";"Archenemy";"1";""
"ukjent";"Inga Rune-Eyes (foil)";"";"";"MOM";"Multiverse Legends (FOIL)";"1";""
"ukjent";"Intellectual Offering";"";"";"BLB";"Commander";"1";""
"ukjent";"Island 266 (foil)";"";"";"M20";"Common (FOIL)";"1";""
"ukjent";"Ivora, Insatiable Heir";"";"";"JMP";"Jumpstart";"1";""
"ukjent";"Ixhel, Scion of Atraxa";"";"";"ONE";"Commander";"1";""
"ukjent";"Izzet Guildgate 252B";"";"";"GRN";"Common";"1";""
"ukjent";"Jaya Ballard, Task Mage";"";"";"CMB1";"Rare";"1";""
"ukjent";"Jazal Goldmane";"";"";"DMU";"Commander";"1";""
"ukjent";"Jirina, Dauntless General";"";"";"MOM";"Aftermath";"1";""
"ukjent";"Jokulmorder";"";"";"CMB1";"Rare";"1";""
"ukjent";"Jolrael, Voice of Zhalfir";"";"";"MOM";"Aftermath";"1";""
"ukjent";"Juniper Order Ranger";"";"";"CMB1";"Rare";"1";""
"ukjent";"Jyoti, Moag Ancient";"";"";"MH3";"Commander";"1";""
"ukjent";"Jyoti, Moag Ancient (Borderless)";"";"";"MH3";"Commander";"1";""
"ukjent";"Kaima, the Fractured Calm";"";"";"NEO";"Commander";"1";""
"ukjent";"Kaima, the Fractured Calm (foil)";"";"";"NEO";"Commander";"1";""
"ukjent";"Kargan Dragonlord";"";"";"CMB1";"Mythic";"1";""
"ukjent";"Kirtar's Wrath";"";"";"VOW";"Commander";"1";""
"ukjent";"Kor Firewalker";"";"";"CMB1";"Uncommon";"1";""
"ukjent";"Kotori, Pilot Prodigy";"";"";"NEO";"Commander";"1";""
"ukjent";"Krosan Cloudscraper (Foil)";"";"";"TSP";"FOILS";"1";""
"ukjent";"Laboratory Maniac";"";"";"SPG";"Special";"1";""
"ukjent";"Lavaborn Muse";"";"";"CMB1";"Rare";"1";""
"ukjent";"Lavinia, Azorius Renegade";"";"";"SPG";"Special";"1";""
"ukjent";"Legacy Weapon (Apocalypse)";"";"";"CMB1";"Rare";"1";""
"ukjent";"Leonin Relic-Warder (Mirrodin Besieged)";"";"";"CMB1";"Uncommon";"1";""
"ukjent";"Living Twister";"";"";"ZNR";"Commander";"1";""
"ukjent";"Lovisa Coldeyes (Coldsnap)";"";"";"CMB1";"Rare";"1";""
"ukjent";"Lunar Avenger";"";"";"CMB1";"Uncommon";"1";""
"ukjent";"Lux Artillery";"";"";"ONE";"Commander";"1";""
"ukjent";"Lux Artillery (Extended Art)";"";"";"ONE";"Commander";"1";""
"ukjent";"Mace of the Valiant";"";"";"ONE";"Commander";"1";""
"ukjent";"Maelstrom Nexus";"";"";"DMU";"Commander";"1";""
"ukjent";"Magewright's Stone (Foil)";"";"";"CMB1";"Uncommon";"1";""
"ukjent";"Magnigoth Treefolk (Planeshift)";"";"";"CMB1";"Rare";"1";""
"ukjent";"Magus of the Moat";"";"";"CMB1";"Rare";"1";""
"ukjent";"Malcator's Watch (foil)";"";"";"ONE";"Common (FOIL)";"1";""
"ukjent";"Maro (Foil)";"";"";"CMB1";"Rare";"1";""
"ukjent";"Master of the Pearl Trident";"";"";"SPG";"Special";"1";""
"ukjent";"Mind Shatter";"";"";"CMB1";"Rare";"1";""
"ukjent";"Mirko Vosk, Mind Drinker";"";"";"GRN";"Guild Kits";"1";""
"ukjent";"Mirror Entity";"";"";"MKM";"Commander";"1";""
"ukjent";"Mirrorwing Dragon";"";"";"JMP";"Jumpstart";"1";""
"ukjent";"Mistveil Plains";"";"";"CMB1";"Uncommon";"1";""
"ukjent";"Misty Rainforest (foil)";"";"";"ZNR";"Box Topper (FOIL)";"1";""
"ukjent";"Moggcatcher";"";"";"CMB1";"Rare";"1";""
"ukjent";"Molder Slug (Mirrodin)";"";"";"CMB1";"Rare";"1";""
"ukjent";"Mox Opal (borderless)";"";"";"PUMA";"Box Topper";"1";""
"ukjent";"Myojin of Grim Betrayal";"";"";"NEO";"Commander";"1";""
"ukjent";"Mystical Enforcer";"";"";"SPG";"Special";"1";""
"ukjent";"Necravolver";"";"";"CMB1";"Rare";"1";""
"ukjent";"Needle Spires";"";"";"ZNR";"Commander";"1";""
"ukjent";"Nemata, Grove Guardian (Planeshift)";"";"";"CMB1";"Rare";"1";""
"ukjent";"Nin, the Pain Artist";"";"";"CMB1";"Rare";"1";""
"ukjent";"Nissa, Steward of Elements";"";"";"MH3";"Commander";"1";""
"ukjent";"Noxious Toad";"";"";"CMB1";"Uncommon";"1";""
"ukjent";"Nykthos Paragon";"";"";"JMP";"Jumpstart";"1";""
"ukjent";"Oblivion Sower";"";"";"OTJ";"Commander";"1";""
"ukjent";"Opulent Palace";"";"";"DMU";"Commander";"1";""
"ukjent";"Opulent Palace";"";"";"OTJ";"Commander";"1";""
"ukjent";"Outlaws' Merriment";"";"";"CMB1";"Mythic";"1";""
"ukjent";"Overseer of the Damned";"";"";"MID";"Commander";"1";""
"ukjent";"Ox of Agonas";"";"";"NEO";"Commander";"1";""
"ukjent";"Pain Distributor (Extended Art)";"";"";"MOM";"Commander";"1";""
"ukjent";"Palace Jailer";"";"";"SPG";"Special";"1";""
"ukjent";"Panglacial Wurm";"";"";"CMB1";"Rare";"1";""
"ukjent";"Paradox Haze (Foil)";"";"";"CMB1";"Uncommon";"1";""
"ukjent";"Path of the Ghosthunter (Extended Art)";"";"";"MOM";"Commander";"1";""
"ukjent";"Perennial Behemoth";"";"";"OTJ";"Commander";"1";""
"ukjent";"Phenax, God of Deception";"";"";"CMB1";"Mythic";"1";""
"ukjent";"Plasm Capture";"";"";"OTJ";"Commander";"1";""
"ukjent";"Poison-Tip Archer";"";"";"BLB";"Commander";"1";""
"ukjent";"Port Town";"";"";"NEO";"Commander";"1";""
"ukjent";"Priest of Gix";"";"";"JMP";"Jumpstart";"1";""
"ukjent";"Proclamation of Rebirth";"";"";"CMB1";"Rare";"1";""
"ukjent";"Profaner of the Dead";"";"";"CMB1";"Rare";"1";""
"ukjent";"Rancor";"";"";"SPM";"Eternal Legal";"1";""
"ukjent";"Ranger of Eos";"";"";"CMB1";"Rare";"1";""
"ukjent";"Ransom Note (0047)";"";"";"MKM";"Commander";"1";""
"ukjent";"Rashmi and Ragavan (Foil)";"";"";"MOM";"Commander";"1";""
"ukjent";"Reforge the Soul (Avacyn Restored)";"";"";"CMB1";"Rare";"1";""
"ukjent";"Restoration Angel";"";"";"KHM";"Commander";"1";""
"ukjent";"Return the Favor";"";"";"SOS";"Mystical Archive";"1";""
"ukjent";"Rhox (Foil)";"";"";"CMB1";"Rare";"1";""
"ukjent";"Rhys the Exiled";"";"";"KHM";"Commander";"1";""
"ukjent";"Riders of Gavony";"";"";"MID";"Commander";"1";""
"ukjent";"Robaran Mercenaries";"";"";"DMU";"Commander";"1";""
"ukjent";"Satya, Aetherflux Genius (Foil)";"";"";"MH3";"Commander";"1";""
"ukjent";"Scroll of Fate";"";"";"MKM";"Commander";"1";""
"ukjent";"Scroll of the Masters";"";"";"CMB1";"Rare";"1";""
"ukjent";"Searing Blood";"";"";"TLA";"Eternal-Legal";"1";""
"ukjent";"Seat of the Synod";"";"";"JMP";"Jumpstart";"1";""
"ukjent";"Serendib Sorcerer";"";"";"CMB1";"Rare";"1";""
"ukjent";"Shacklegeist";"";"";"VOW";"Commander";"1";""
"ukjent";"Shaun and Rebecca, Agents (Foil)";"";"";"ACR";"FOILS";"1";""
"ukjent";"Shifting Wall (Stronghold)";"";"";"CMB1";"Uncommon";"1";""
"ukjent";"Sidisi, Undead Vizier";"";"";"CMB1";"Rare";"1";""
"ukjent";"Siege-Gang Commander";"";"";"ONE";"Commander";"1";""
"ukjent";"Silverquill Lecturer (0044 - Extended Art Ripple Foil)";"";"";"MH3";"Rare (FOIL)";"1";""
"ukjent";"Simic Growth Chamber";"";"";"C17";"Uncommon";"1";""
"ukjent";"Siphon Insight";"";"";"OTJ";"Commander";"1";""
"ukjent";"Slag Fiend (New Phyrexia)";"";"";"CMB1";"Rare";"1";""
"ukjent";"Slimefoot, the Stowaway";"";"";"SPG";"Special";"1";""
"ukjent";"Snow-Covered Wastes {#309) (Full Art)";"";"";"MH3";"Uncommon";"1";""
"ukjent";"Spark Rupture";"";"";"MOM";"Aftermath";"1";""
"ukjent";"Spawning Grounds";"";"";"CMB1";"Rare";"1";""
"ukjent";"Sphinx of Enlightenment";"";"";"BLB";"Commander";"1";""
"ukjent";"Starfield Mystic";"";"";"JMP";"Jumpstart";"1";""
"ukjent";"Starfield Vocalist (0359 - Japan Showcase, Foil)";"";"";"EOS";"Stellar Sight";"1";""
"ukjent";"Storm, Force of Nature";"";"";"SPM";"Eternal Legal";"1";""
"ukjent";"Stromkirk Occultist";"";"";"VOW";"Commander";"1";""
"ukjent";"Stunt Double";"";"";"CMB1";"Rare";"1";""
"ukjent";"Stupor (Foil)";"";"";"TSP";"FOILS";"1";""
"ukjent";"Subterranean Tremors (Foil)";"";"";"SOS";"Mystical Archive (FOIL)";"1";""
"ukjent";"Sudden Salvation";"";"";"VOW";"Commander";"1";""
"ukjent";"Summary Dismissal";"";"";"MH3";"Commander";"1";""
"ukjent";"Swampbenders";"";"";"TLA";"Eternal-Legal";"1";""
"ukjent";"Symbiote Spawn";"";"";"SPM";"Eternal Legal";"1";""
"ukjent";"Taigam, Ojutai Master (foil)";"";"";"MOM";"Multiverse Legends (FOIL)";"1";""
"ukjent";"Tamiyo, Collector of Tales";"";"";"CMB1";"Rare";"1";""
"ukjent";"Tangleweave Armor";"";"";"ONE";"Commander";"1";""
"ukjent";"Tatyova, Benthic Druid";"";"";"LCI";"Commander";"1";""
"ukjent";"Teferi's Puzzle Box (Foil)";"";"";"CMB1";"Rare";"1";""
"ukjent";"Tempest Djinn";"";"";"CMB1";"Rare";"1";""
"ukjent";"Tempestra, Dame of Games";"";"";"TMT";"Eternal Legal";"1";""
"ukjent";"Temple of Mystery";"";"";"BLB";"Commander";"1";""
"ukjent";"Temple of Silence";"";"";"TDM";"Commander";"1";""
"ukjent";"Tenuous Truce";"";"";"BLB";"Commander";"1";""
"ukjent";"Teshar, Ancestor's Apostle";"";"";"DMU";"Commander";"1";""
"ukjent";"The Circle of Loyalty";"";"";"DMU";"Commander";"1";""
"ukjent";"The Mending of Dominaria";"";"";"ZNR";"Commander";"1";""
"ukjent";"The Unspeakable";"";"";"CMB1";"Rare";"1";""
"ukjent";"Thoughtseize";"";"";"SPG";"Special";"1";""
"ukjent";"Tidehollow Sculler";"";"";"SPG";"Special";"1";""
"ukjent";"Tower of Fortunes (Mirrodin)";"";"";"CMB1";"Rare";"1";""
"ukjent";"Traxos, Scourge of Kroog";"";"";"DMU";"Commander";"1";""
"ukjent";"Trench Gorger (Commander)";"";"";"CMB1";"Rare";"1";""
"ukjent";"Two-Headed Giant";"";"";"CMB1";"Rare";"1";""
"ukjent";"Ulvenwald Hydra";"";"";"MH3";"Commander";"1";""
"ukjent";"Undead Alchemist";"";"";"MID";"Commander";"1";""
"ukjent";"Universal Automaton (Modern Horizons)";"";"";"CMB1";"Common";"1";""
"ukjent";"Uthden Troll";"";"";"SPG";"Special";"1";""
"ukjent";"Vaevictis Asmadi, the Dire (C2019)";"";"";"CMB1";"Mythic";"1";""
"ukjent";"Vampiric Dragon";"";"";"VOW";"Commander";"1";""
"ukjent";"Veil of Summer (Foil)";"";"";"SOS";"Mystical Archive (FOIL)";"1";""
"ukjent";"Verdurous Gearhulk";"";"";"CMB1";"Mythic";"1";""
"ukjent";"Village Rites";"";"";"JMP";"Jumpstart";"1";""
"ukjent";"Visions of Ruin";"";"";"MID";"Commander";"1";""
"ukjent";"Void";"";"";"SPG";"Special";"1";""
"ukjent";"War Barge";"";"";"SPG";"Special";"1";""
"ukjent";"Warp World";"";"";"CMB1";"Rare";"1";""
"ukjent";"Wasitora, Nekoru Queen";"";"";"CMB1";"Rare";"1";""
"ukjent";"Wheel of Sun and Moon";"";"";"CMB1";"Rare";"1";""
"ukjent";"Whispersteel Dagger";"";"";"ZNR";"Commander";"1";""
"ukjent";"Wildfire Emissary";"";"";"SPG";"Special";"1";""
"ukjent";"Witch Engine (Urza's Saga)";"";"";"CMB1";"Rare";"1";""
"ukjent";"Wondrous Crucible (Extended Art)";"";"";"BRO";"Commander";"1";""
"ukjent";"Zetalpa, Primal Dawn";"";"";"DMU";"Commander";"1";""
"ukjent";" Yuma, Proud Protector (Borderless, Foil)";"";"";"OTJ";"Commander";"0";""
"ukjent";"{Max Speed} // {Start Your Engines!}";"";"";"DFT";"Token";"0";""
"ukjent";"Aboshan, Cephalid Emperor";"";"";"CMB1";"Rare";"0";""
"ukjent";"Abrade (Foil)";"";"";"SOS";"Mystical Archive (FOIL)";"0";""
"ukjent";"Abrupt Decay";"";"";"SPG";"Special";"0";""
"ukjent";"Abundance";"";"";"ZNR";"Commander";"0";""
"ukjent";"Abundant Harvest";"";"";"STX";"Rare";"0";""
"ukjent";"Abundant Harvest (Foil-Etched)";"";"";"STX";"Rare (FOIL)";"0";""
"ukjent";"Abundant Harvest (foil)";"";"";"STX";"Rare (FOIL)";"0";""
"ukjent";"Academy Ruins (borderless)";"";"";"PUMA";"Box Topper";"0";""
"ukjent";"Acidic Slime (Marauding Mutagen)";"";"";"TMT";"Eternal Legal";"0";""
"ukjent";"Activated Sleeper";"";"";"DMU";"Commander";"0";""
"ukjent";"Ad Nauseam";"";"";"SOS";"Mystical Archive";"0";""
"ukjent";"Adaptive Automaton (foil)";"";"";"BRO";"Retro Artifacts (FOIL)";"0";""
"ukjent";"Adaptive Automaton (Schematic Art) (foil)";"";"";"BRO";"Retro Artifacts (FOIL)";"0";""
"ukjent";"Adeline, Resplendent Cathar";"";"";"JMP";"Jumpstart";"0";""
"ukjent";"Admiral Beckett Brass";"";"";"CMB1";"Mythic";"0";""
"ukjent";"Admiral Brass, Unsinkable (Foil)";"";"";"LCI";"Commander";"0";""
"ukjent";"Admiral Brass, Unsinkable (Showcase)";"";"";"LCI";"Commander";"0";""
"ukjent";"Admonition Angel";"";"";"ZNR";"Commander";"0";""
"ukjent";"Adorned Pouncer";"";"";"CMB1";"Rare";"0";""
"ukjent";"Adrix and Nev, Twincasters";"";"";"MKM";"Commander";"0";""
"ukjent";"Adventurous Impulse (foil)";"";"";"STX";"Uncommon (FOIL)";"0";""
"ukjent";"Aegar, the Freezing Flame (foil)";"";"";"MOM";"Multiverse Legends (FOIL)";"0";""
"ukjent";"Aether Vial";"";"";"CMB1";"Uncommon";"0";""
"ukjent";"Aetherflux Reservoir";"";"";"CMB1";"Rare";"0";""
"ukjent";"Aetherflux Reservoir (foil)";"";"";"BRO";"Retro Artifacts (FOIL)";"0";""
"ukjent";"Aetherflux Reservoir (Schematic Art) (foil)";"";"";"BRO";"Retro Artifacts (FOIL)";"0";""
"ukjent";"Aetherspouts";"";"";"MID";"Commander";"0";""
"ukjent";"Aggravated Assault (0039) (Foil)";"";"";"WOE";"Enchanting Tales (FOIL)";"0";""
"ukjent";"Aggravated Assault (0076 - Anime) (Foil)";"";"";"WOE";"Enchanting Tales (FOIL)";"0";""
"ukjent";"Aggressive Biomancy";"";"";"MH3";"Commander";"0";""
"ukjent";"Agonizing Remorse";"";"";"STX";"Uncommon";"0";""
"ukjent";"Ajani's Pridemate";"";"";"SPG";"Special";"0";""
"ukjent";"Akroma, Angel of Fury";"";"";"MKM";"Commander";"0";""
"ukjent";"Akroma, Angel of Wrath";"";"";"SPG";"Special";"0";""
"ukjent";"Akroma's Will";"";"";"SOS";"Mystical Archive";"0";""
"ukjent";"Alabaster Dragon";"";"";"CMB1";"Rare";"0";""
"ukjent";"Alchemist's Refuge";"";"";"LCI";"Commander";"0";""
"ukjent";"Alesha, Who Smiles at Death";"";"";"SPG";"Special";"0";""
"ukjent";"Alhammarret's Archive";"";"";"CMB1";"Mythic";"0";""
"ukjent";"All Is Dust";"";"";"CMB1";"Rare";"0";""
"ukjent";"All That Glitters (Throne of Eldraine)";"";"";"CMB1";"Uncommon";"0";""
"ukjent";"All Will Be One";"";"";"TMT";"Source Material Cards";"0";""
"ukjent";"Allosaurus Rider (Foil)";"";"";"CMB1";"Rare";"0";""
"ukjent";"Alloy Myr";"";"";"CMB1";"Common";"0";""
"ukjent";"Altar of Dementia (foil)";"";"";"BRO";"Retro Artifacts (FOIL)";"0";""
"ukjent";"Altar of Dementia (Schematic Art) (foil)";"";"";"BRO";"Retro Artifacts (FOIL)";"0";""
"ukjent";"Altar of the Wretched";"";"";"LCI";"Commander";"0";""
"ukjent";"Aminatou's Augury";"";"";"CMB1";"Rare";"0";""
"ukjent";"Amulet of Vigor (Borderless)";"";"";"LCI";"Commander";"0";""
"ukjent";"Anafenza, Kin-Tree Spirit (foil)";"";"";"MOM";"Multiverse Legends (FOIL)";"0";""
"ukjent";"Ancestral Mask";"";"";"CMB1";"Uncommon";"0";""
"ukjent";"Ancient Craving";"";"";"CMB1";"Common";"0";""
"ukjent";"Ancient Den";"";"";"CMB1";"Common";"0";""
"ukjent";"Ancient Den";"";"";"SPG";"Special";"0";""
"ukjent";"Ancient Spider (Planeshifted)";"";"";"CMB1";"Rare";"0";""
"ukjent";"Ancient Stirrings";"";"";"CMB1";"Uncommon";"0";""
"ukjent";"Ancient Stirrings";"";"";"SPG";"Special";"0";""
"ukjent";"Ancient Tomb (foil)";"";"";"ZNR";"Box Topper (FOIL)";"0";""
"ukjent";"Ancient Ziggurat";"";"";"CMB1";"Uncommon";"0";""
"ukjent";"Angel of Flight Alabaster";"";"";"VOW";"Commander";"0";""
"ukjent";"Angel of Glory's Rise";"";"";"MID";"Commander";"0";""
"ukjent";"Angel of Serenity";"";"";"CMB1";"Mythic";"0";""
"ukjent";"Angel of Serenity";"";"";"KHM";"Commander";"0";""
"ukjent";"Angel of Serenity (Foil - Return to Ravnica)";"";"";"CMB1";"Mythic";"0";""
"ukjent";"Angel of the Dire Hour";"";"";"CMB1";"Rare";"0";""
"ukjent";"Angel of the Ruins";"";"";"BRO";"Commander";"0";""
"ukjent";"Angel's Grace";"";"";"SOS";"Mystical Archive";"0";""
"ukjent";"Angel's Grace (Foil)";"";"";"SOS";"Mystical Archive (FOIL)";"0";""
"ukjent";"Angelheart Vial (Rise of Eldrazi)";"";"";"CMB1";"Rare";"0";""
"ukjent";"Angelic Destiny";"";"";"CMB1";"Mythic";"0";""
"ukjent";"Angelic Field Marshal (Foil - Commander Masters)";"";"";"CMB1";"Rare";"0";""
"ukjent";"Anger of the Gods";"";"";"SPG";"Special";"0";""
"ukjent";"Animar, Soul of Elements";"";"";"CMB1";"Mythic";"0";""
"ukjent";"Animate Dead";"";"";"CMB1";"Uncommon";"0";""
"ukjent";"Anje's Ravager";"";"";"VOW";"Commander";"0";""
"ukjent";"Anointed Procession";"";"";"CMB1";"Rare";"0";""
"ukjent";"Anowon, the Ruin Sage";"";"";"VOW";"Commander";"0";""
"ukjent";"Anowon, the Ruin Thief (Foil)";"";"";"ZNR";"Commander";"0";""
"ukjent";"Approach of the Second Sun";"";"";"CMB1";"Rare";"0";""
"ukjent";"Approach of the Second Sun";"";"";"STX";"Mythic";"0";""
"ukjent";"Approach of the Second Sun (foil)";"";"";"STX";"Mythic (FOIL)";"0";""
"ukjent";"Arachnogenesis";"";"";"DSK";"Commander";"0";""
"ukjent";"Arasta of the Endless Web";"";"";"SPM";"Eternal Legal";"0";""
"ukjent";"Arcade Cabinet";"";"";"TMT";"Eternal Legal";"0";""
"ukjent";"Arcades, the Strategist";"";"";"CMB1";"Mythic";"0";""
"ukjent";"Arcades, the Strategist";"";"";"SPG";"Special";"0";""
"ukjent";"Arcane Denial";"";"";"CMB1";"Common";"0";""
"ukjent";"Arcane Heist";"";"";"OTJ";"Commander";"0";""
"ukjent";"Arcane Melee (Commander 2013)";"";"";"CMB1";"Rare";"0";""
"ukjent";"Arcane Sanctum";"";"";"BRO";"Commander";"0";""
"ukjent";"Arcane Signet";"";"";"BRO";"Commander";"0";""
"ukjent";"Arcane Signet";"";"";"DMU";"Commander";"0";""
"ukjent";"Arcane Signet";"";"";"KHM";"Commander";"0";""
"ukjent";"Arcane Signet";"";"";"MID";"Commander";"0";""
"ukjent";"Arcane Signet";"";"";"NEO";"Commander";"0";""
"ukjent";"Arcane Signet";"";"";"VOW";"Commander";"0";""
"ukjent";"Arcane Signet";"";"";"WOE";"Commander";"0";""
"ukjent";"Arcane Signet";"";"";"ZNR";"Commander";"0";""
"ukjent";"Arcane Signet (Borderless)";"";"";"LCI";"Commander";"0";""
"ukjent";"Arcbound Overseer";"";"";"CMB1";"Rare";"0";""
"ukjent";"Arch of Orazca";"";"";"CMB1";"Rare";"0";""
"ukjent";"Arch of Orazca";"";"";"LCI";"Commander";"0";""
"ukjent";"Arch of Orazca";"";"";"SPG";"Special";"0";""
"ukjent";"Archaeomancer's Map";"";"";"CMB1";"Rare";"0";""
"ukjent";"Archangel of Thune (Heaven-Sent Marvel)";"";"";"SPM";"Eternal Legal";"0";""
"ukjent";"Architects of Will";"";"";"CMB1";"Common";"0";""
"ukjent";"Arena";"";"";"SPG";"Special";"0";""
"ukjent";"Argothian Elder (Urza's Saga)";"";"";"CMB1";"Uncommon";"0";""
"ukjent";"Arid Mesa";"";"";"PUMA";"Box Topper";"0";""
"ukjent";"Arid Mesa (foil)";"";"";"ZNR";"Box Topper (FOIL)";"0";""
"ukjent";"Arixmethes, Slumbering Isle (foil)";"";"";"MOM";"Multiverse Legends (FOIL)";"0";""
"ukjent";"Army of the Damned";"";"";"MID";"Commander";"0";""
"ukjent";"Arterial Alchemy";"";"";"VOW";"Commander";"0";""
"ukjent";"Artisan of Kozilek";"";"";"CMB1";"Uncommon";"0";""
"ukjent";"As Foretold (0014) (Foil)";"";"";"WOE";"Enchanting Tales (FOIL)";"0";""
"ukjent";"As Foretold (0068 - Anime) (Foil)";"";"";"WOE";"Enchanting Tales (FOIL)";"0";""
"ukjent";"Asceticism";"";"";"CMB1";"Rare";"0";""
"ukjent";"Ashcoat of the Shadow Swarm (Splinter of the Shadows)";"";"";"TMT";"Source Material Cards";"0";""
"ukjent";"Ashnod the Uncaring (Extended Art)";"";"";"BRO";"Commander";"0";""
"ukjent";"Ashnod's Altar";"";"";"CMB1";"Uncommon";"0";""
"ukjent";"Ashnod's Altar (foil)";"";"";"BRO";"Retro Artifacts (FOIL)";"0";""
"ukjent";"Ashnod's Altar (Schematic Art) (foil)";"";"";"BRO";"Retro Artifacts (FOIL)";"0";""
"ukjent";"Asmoranomardicadaistinaculdacar";"";"";"CMB1";"Rare";"0";""
"ukjent";"Astral Cornucopia (foil)";"";"";"BRO";"Retro Artifacts (FOIL)";"0";""
"ukjent";"Astral Cornucopia (Schematic Art) (foil)";"";"";"BRO";"Retro Artifacts (FOIL)";"0";""
"ukjent";"Athreos, God of Passage";"";"";"CMB1";"Mythic";"0";""
"ukjent";"Atraxa, Praetors' Voice (borderless)";"";"";"PUMA";"Box Topper";"0";""
"ukjent";"Atraxa, Praetors' Voice (foil)";"";"";"MOM";"Multiverse Legends (FOIL)";"0";""
"ukjent";"Atris, Oracle of Half-Truths (foil)";"";"";"MOM";"Multiverse Legends (FOIL)";"0";""
"ukjent";"Aura Shards";"";"";"CMB1";"Uncommon";"0";""
"ukjent";"Aura Thief";"";"";"CMB1";"Rare";"0";""
"ukjent";"Aurelia, the Warleader (foil)";"";"";"MOM";"Multiverse Legends (FOIL)";"0";""
"ukjent";"Aurelia, the Warleader (Monica, the Marvel)";"";"";"SPM";"Eternal Legal";"0";""
"ukjent";"Austere Command";"";"";"MKM";"Commander";"0";""
"ukjent";"Avacyn, Angel of Hope (borderless)";"";"";"PUMA";"Box Topper";"0";""
"ukjent";"Avacyn's Memorial";"";"";"MID";"Commander";"0";""
"ukjent";"Avacyn's Pilgrim";"";"";"MID";"Commander";"0";""
"ukjent";"Avalanche Riders";"";"";"SPG";"Special";"0";""
"ukjent";"Avatar of Woe";"";"";"SPG";"Special";"0";""
"ukjent";"Avatar of Woe (Foil)";"";"";"SPG";"Special";"0";""
"ukjent";"Avenger of Zendikar";"";"";"C19";"Mythic";"0";""
"ukjent";"Avenger of Zendikar";"";"";"OTJ";"Commander";"0";""
"ukjent";"Awaken the Woods";"";"";"SOS";"Mystical Archive";"0";""
"ukjent";"Awakening";"";"";"CMB1";"Rare";"0";""
"ukjent";"Ayara, First of Locthwain (foil)";"";"";"MOM";"Multiverse Legends (FOIL)";"0";""
"ukjent";"Ayara's Oathsworn";"";"";"MOM";"Aftermath";"0";""
"ukjent";"Ayesha Tanaka, Armorer (foil)";"";"";"DMU";"Commander";"0";""
"ukjent";"Azlask, the Swelling Scourge (Borderless)";"";"";"MH3";"Commander";"0";""
"ukjent";"Azlask, the Swelling Scourge (Foil)";"";"";"MH3";"Commander";"0";""
"ukjent";"Azorius Guildgate 243A";"";"";"RNA";"Common";"0";""
"ukjent";"Azorius Guildgate 243A (foil)";"";"";"RNA";"Common (FOIL)";"0";""
"ukjent";"Azorius Guildgate 244B (foil)";"";"";"RNA";"Common (FOIL)";"0";""
"ukjent";"Azorius Signet";"";"";"BRO";"Commander";"0";""
"ukjent";"Azorius Signet";"";"";"DSK";"Commander";"0";""
"ukjent";"Azorius Signet";"";"";"NEO";"Commander";"0";""
"ukjent";"Bad Moon";"";"";"CMB1";"Rare";"0";""
"ukjent";"Baird, Steward of Argive";"";"";"BLB";"Commander";"0";""
"ukjent";"Balance of Power (Portal)";"";"";"CMB1";"Rare";"0";""
"ukjent";"Balefire Liege (Foil)";"";"";"CMB1";"Rare";"0";""
"ukjent";"Balefire Liege (Non-Foil)";"";"";"CMB1";"Rare";"0";""
"ukjent";"Baleful Mastery";"";"";"CMB1";"Rare";"0";""
"ukjent";"Baleful Strix";"";"";"OTJ";"Commander";"0";""
"ukjent";"Bane of Progress (Commander 2015)";"";"";"CMB1";"Rare";"0";""
"ukjent";"Banishing Light";"";"";"SPG";"Special";"0";""
"ukjent";"Baral, Chief of Compliance";"";"";"SPG";"Special";"0";""
"ukjent";"Baral, Chief of Compliance (foil)";"";"";"MOM";"Multiverse Legends (FOIL)";"0";""
"ukjent";"Barbflare Gremlin (Extended Art)";"";"";"DSK";"Commander";"0";""
"ukjent";"Barkchannel Pathway (Foil)";"";"";"SLD";"Secret Lair";"0";""
"ukjent";"Baru, Wurmspeaker";"";"";"DMU";"Commander";"0";""
"ukjent";"Baru, Wurmspeaker (foil)";"";"";"DMU";"Commander";"0";""
"ukjent";"Basilisk Collar (DM)";"";"";"CMB1";"Rare";"0";""
"ukjent";"Basilisk Collar (MM13)";"";"";"CMB1";"Rare";"0";""
"ukjent";"Bastion Protector";"";"";"MID";"Commander";"0";""
"ukjent";"Batterskull";"";"";"CMB1";"Mythic";"0";""
"ukjent";"Beacon of Immortality";"";"";"CMB1";"Rare";"0";""
"ukjent";"Beanstalk Giant";"";"";"CMB1";"Uncommon";"0";""
"ukjent";"Bear Umbra";"";"";"NEO";"Commander";"0";""
"ukjent";"Beast Whisperer";"";"";"KHM";"Commander";"0";""
"ukjent";"Beast Whisperer";"";"";"SPG";"Special";"0";""
"ukjent";"Beast Within";"";"";"SPG";"Special";"0";""
"ukjent";"Beast Within (0075 - Grimm Fate)";"";"";"SPM";"Eternal Legal";"0";""
"ukjent";"Beast Within (Battlebond)";"";"";"CMB1";"Uncommon";"0";""
"ukjent";"Beastmaster Ascension";"";"";"CMB1";"Rare";"0";""
"ukjent";"Beastmaster Ascension";"";"";"TLA";"Eternal-Legal";"0";""
"ukjent";"Bedevil";"";"";"DMU";"Commander";"0";""
"ukjent";"Bedlam";"";"";"SPM";"Eternal Legal";"0";""
"ukjent";"Bedlam Reveler";"";"";"SPG";"Special";"0";""
"ukjent";"Belbe's Portal";"";"";"CMB1";"Rare";"0";""
"ukjent";"Benevolent Offering";"";"";"VOW";"Commander";"0";""
"ukjent";"Benthic Biomancer";"";"";"LCI";"Commander";"0";""
"ukjent";"Beseech the Queen";"";"";"CMB1";"Uncommon";"0";""
"ukjent";"Bident of Thassa";"";"";"BRO";"Commander";"0";""
"ukjent";"Big Score";"";"";"SOS";"Mystical Archive";"0";""
"ukjent";"Binding the Old Gods";"";"";"DSK";"Commander";"0";""
"ukjent";"Biogenic Ooze";"";"";"TMT";"Eternal Legal";"0";""
"ukjent";"Birds of Paradise";"";"";"CMB1";"Rare";"0";""
"ukjent";"Bitter Triumph";"";"";"SOS";"Mystical Archive";"0";""
"ukjent";"Bitterblossom (0027) (Foil)";"";"";"WOE";"Enchanting Tales (FOIL)";"0";""
"ukjent";"Bitterblossom (0072 - Anime) (Foil)";"";"";"WOE";"Enchanting Tales (FOIL)";"0";""
"ukjent";"Black Market";"";"";"CMB1";"Rare";"0";""
"ukjent";"Black Panther, Wakandan King";"";"";"SPM";"Eternal Legal";"0";""
"ukjent";"Blackblade Reforged";"";"";"DMU";"Commander";"0";""
"ukjent";"Blackblade Reforged";"";"";"NEO";"Commander";"0";""
"ukjent";"Blackblade Reforged";"";"";"ZNR";"Commander";"0";""
"ukjent";"Blackblade Reforged (foil)";"";"";"BRO";"Retro Artifacts (FOIL)";"0";""
"ukjent";"Blackblade Reforged (Schematic Art) (foil)";"";"";"BRO";"Retro Artifacts (FOIL)";"0";""
"ukjent";"Blackcleave Cliffs";"";"";"PUMA";"Box Topper";"0";""
"ukjent";"Blackcleave Cliffs (foil)";"";"";"ZNR";"Box Topper (FOIL)";"0";""
"ukjent";"Bladewing, Deathless Tyrant";"";"";"DMU";"Commander";"0";""
"ukjent";"Blasting Station (Foil)";"";"";"CMB1";"Uncommon";"0";""
"ukjent";"Blazing Shoal";"";"";"CMB1";"Rare";"0";""
"ukjent";"Blighted Agent (Foil)";"";"";"CMB1";"Uncommon";"0";""
"ukjent";"Blighted Woodland";"";"";"SPG";"Special";"0";""
"ukjent";"Blightsteel Colossus (borderless)";"";"";"PUMA";"Box Topper";"0";""
"ukjent";"Blightsteel Colossus (Double Masters)";"";"";"CMB1";"Mythic";"0";""
"ukjent";"Blightstep Pathway (Foil)";"";"";"SLD";"Secret Lair";"0";""
"ukjent";"Blind Obedience (0001) (Foil)";"";"";"WOE";"Enchanting Tales (FOIL)";"0";""
"ukjent";"Blood Artist";"";"";"CMB1";"Uncommon";"0";""
"ukjent";"Blood Moon";"";"";"CMB1";"Rare";"0";""
"ukjent";"Blood Moon (0040) (Foil)";"";"";"WOE";"Enchanting Tales (FOIL)";"0";""
"ukjent";"Blood Moon (0077 - Anime) (Foil)";"";"";"WOE";"Enchanting Tales (FOIL)";"0";""
"ukjent";"Blood Moon (borderless)";"";"";"PUMA";"Box Topper";"0";""
"ukjent";"Bloodbraid Elf";"";"";"SPG";"Special";"0";""
"ukjent";"Bloodchief Ascension";"";"";"CMB1";"Rare";"0";""
"ukjent";"Bloodlord of Vaasgoth";"";"";"VOW";"Commander";"0";""
"ukjent";"Bloodroot Apothecary";"";"";"BLB";"Commander";"0";""
"ukjent";"Bloodstained Mire";"";"";"PUMA";"Box Topper";"0";""
"ukjent";"Bloodstained Mire (foil)";"";"";"ZNR";"Box Topper (FOIL)";"0";""
"ukjent";"Bloodsworn Steward";"";"";"VOW";"Commander";"0";""
"ukjent";"Bloodtracker";"";"";"VOW";"Commander";"0";""
"ukjent";"Bloom Tender";"";"";"CMB1";"Rare";"0";""
"ukjent";"Blot Out";"";"";"MOM";"Aftermath";"0";""
"ukjent";"Blue Sun's Zenith";"";"";"STX";"Mythic";"0";""
"ukjent";"Blue Sun's Zenith (foil)";"";"";"STX";"Mythic (FOIL)";"0";""
"ukjent";"Blue, Loyal Raptor (Borderless)";"";"";"LCI";"Rare";"0";""
"ukjent";"Blue, Loyal Raptor (Borderless) (Foil)";"";"";"LCI";"Rare (FOIL)";"0";""
"ukjent";"Body of Knowledge";"";"";"BLB";"Commander";"0";""
"ukjent";"Bojuka Bog";"";"";"MID";"Commander";"0";""
"ukjent";"Bojuka Bog";"";"";"SPG";"Special";"0";""
"ukjent";"Bojuka Bog (Worldwake)";"";"";"CMB1";"Common";"0";""
"ukjent";"Bold Plagiarist (Extended Art)";"";"";"CMR";"Rare";"0";""
"ukjent";"Bone Saw (foil)";"";"";"BRO";"Retro Artifacts (FOIL)";"0";""
"ukjent";"Bone Saw (Schematic Art) (foil)";"";"";"BRO";"Retro Artifacts (FOIL)";"0";""
"ukjent";"Boreal Druid";"";"";"CMB1";"Common";"0";""
"ukjent";"Boreas Charger";"";"";"VOW";"Commander";"0";""
"ukjent";"Boros Signet";"";"";"GRN";"Guild Kits";"0";""
"ukjent";"Boundless Realms (Foil)";"";"";"CMB1";"Rare";"0";""
"ukjent";"Bountiful Promenade";"";"";"PUMA";"Box Topper";"0";""
"ukjent";"Bountiful Promenade (foil)";"";"";"ZNR";"Box Topper (FOIL)";"0";""
"ukjent";"Bow of Nylea";"";"";"CMB1";"Rare";"0";""
"ukjent";"Brago, King Eternal";"";"";"CMB1";"Rare";"0";""
"ukjent";"Braid of Fire (Foil)";"";"";"CMB1";"Rare";"0";""
"ukjent";"Brain Freeze";"";"";"CMB1";"Uncommon";"0";""
"ukjent";"Brain Freeze";"";"";"SOS";"Mystical Archive";"0";""
"ukjent";"Brainstorm";"";"";"CMB1";"Rare";"0";""
"ukjent";"Brainstorm";"";"";"STX";"Rare";"0";""
"ukjent";"Brainstorm";"";"";"TMT";"Source Material Cards";"0";""
"ukjent";"Brainstorm (foil)";"";"";"STX";"Rare (FOIL)";"0";""
"ukjent";"Bramblewood Paragon";"";"";"CMB1";"Uncommon";"0";""
"ukjent";"Branching Evolution";"";"";"LCI";"Commander";"0";""
"ukjent";"Branchloft Pathway (Foil)";"";"";"SLD";"Secret Lair";"0";""
"ukjent";"Breath of the Sleepless";"";"";"VOW";"Commander";"0";""
"ukjent";"Breath of the Sleepless (Extended Art)";"";"";"VOW";"Commander";"0";""
"ukjent";"Breathkeeper Seraph (Extended Art)";"";"";"VOW";"Commander";"0";""
"ukjent";"Bridge from Below";"";"";"CMB1";"Rare";"0";""
"ukjent";"Brightclimb Pathway (Foil)";"";"";"SLD";"Secret Lair";"0";""
"ukjent";"Bring to Light";"";"";"SOS";"Mystical Archive";"0";""
"ukjent";"Bringer of the Black Dawn (Foil)";"";"";"CMB1";"Rare";"0";""
"ukjent";"Bronzebeak Foragers";"";"";"LCI";"Commander";"0";""
"ukjent";"Broodstar";"";"";"CMB1";"Rare";"0";""
"ukjent";"Brotherhood's End";"";"";"SOS";"Mystical Archive";"0";""
"ukjent";"Brought Back";"";"";"TLA";"Eternal-Legal";"0";""
"ukjent";"Brudiclad, Telchor Engineer (foil)";"";"";"MOM";"Multiverse Legends (FOIL)";"0";""
"ukjent";"Buried Ruin";"";"";"BRO";"Commander";"0";""
"ukjent";"Burning Inquiry";"";"";"CMB1";"Common";"0";""
"ukjent";"Burnished Hart";"";"";"CMB1";"Uncommon";"0";""
"ukjent";"Burnished Hart (foil)";"";"";"BRO";"Retro Artifacts (FOIL)";"0";""
"ukjent";"Burnished Hart (Schematic Art) (foil)";"";"";"BRO";"Retro Artifacts (FOIL)";"0";""
"ukjent";"Burst Lightning";"";"";"CMB1";"Common";"0";""
"ukjent";"Burst Lightning (Foil)";"";"";"SOS";"Mystical Archive (FOIL)";"0";""
"ukjent";"Butcher of Malakir";"";"";"MID";"Commander";"0";""
"ukjent";"Butcher of Malakir";"";"";"VOW";"Commander";"0";""
"ukjent";"Cabal Therapy";"";"";"CMB1";"Uncommon";"0";""
"ukjent";"Cadric, Soul Kindler (Extended Art)";"";"";"DMU";"Commander";"0";""
"ukjent";"Caged Sun";"";"";"CMB1";"Rare";"0";""
"ukjent";"Caged Sun (foil)";"";"";"BRO";"Retro Artifacts (FOIL)";"0";""
"ukjent";"Caged Sun (Schematic Art) (foil)";"";"";"BRO";"Retro Artifacts (FOIL)";"0";""
"ukjent";"Cairn Wanderer";"";"";"CMB1";"Rare";"0";""
"ukjent";"Call of the Herd";"";"";"SPG";"Special";"0";""
"ukjent";"Campus Renovation (Showcase, Foil)";"";"";"MOM";"Aftermath";"0";""
"ukjent";"Canopy Vista";"";"";"MID";"Commander";"0";""
"ukjent";"Canopy Vista";"";"";"ONE";"Commander";"0";""
"ukjent";"Captain Lannery Storm (foil)";"";"";"MOM";"Multiverse Legends (FOIL)";"0";""
"ukjent";"Carmen, Cruel Skymarcher";"";"";"LCI";"Commander";"0";""
"ukjent";"Carpet of Flowers";"";"";"CMB1";"Uncommon";"0";""
"ukjent";"Cauldron of Souls";"";"";"CMB1";"Rare";"0";""
"ukjent";"Cavalier of Thorns (Core Set 2020)";"";"";"CMB1";"Mythic";"0";""
"ukjent";"Cavern of Souls (foil)";"";"";"ZNR";"Box Topper (FOIL)";"0";""
"ukjent";"Cayth, Famed Mechanist";"";"";"MH3";"Commander";"0";""
"ukjent";"Cayth, Famed Mechanist (Borderless, Foil)";"";"";"MH3";"Commander";"0";""
"ukjent";"Cayth, Famed Mechanist (Borderless)";"";"";"MH3";"Commander";"0";""
"ukjent";"Celestial Colonnade (foil)";"";"";"ZNR";"Box Topper (FOIL)";"0";""
"ukjent";"Celestial Dawn";"";"";"SPG";"Special";"0";""
"ukjent";"Celestial Dawn (Foil)";"";"";"CMB1";"Rare";"0";""
"ukjent";"Celestial Judgment";"";"";"MID";"Commander";"0";""
"ukjent";"Cemetery Reaper";"";"";"MID";"Commander";"0";""
"ukjent";"Chain of Smog";"";"";"CMB1";"Uncommon";"0";""
"ukjent";"Chain Reaction";"";"";"NEO";"Commander";"0";""
"ukjent";"Chalice of the Void";"";"";"SPG";"Special";"0";""
"ukjent";"Chalice of the Void (Borderless)";"";"";"LCI";"Commander";"0";""
"ukjent";"Champion of Dusk";"";"";"VOW";"Commander";"0";""
"ukjent";"Champion of Lambholt";"";"";"MID";"Commander";"0";""
"ukjent";"Champion of the Parish";"";"";"CMB1";"Rare";"0";""
"ukjent";"Channel";"";"";"STX";"Mythic";"0";""
"ukjent";"Channel (foil)";"";"";"STX";"Mythic (FOIL)";"0";""
"ukjent";"Chaos Wand";"";"";"OTJ";"Commander";"0";""
"ukjent";"Chaos Warp";"";"";"BRO";"Commander";"0";""
"ukjent";"Chaos Warp";"";"";"MKM";"Commander";"0";""
"ukjent";"Chaos Warp";"";"";"NEO";"Commander";"0";""
"ukjent";"Chaos Warp";"";"";"SPM";"Eternal Legal";"0";""
"ukjent";"Chaos Warp";"";"";"STX";"Mythic";"0";""
"ukjent";"Chaos Warp (Commander 2011)";"";"";"CMB1";"Rare";"0";""
"ukjent";"Chaos Warp (Commander 2017)";"";"";"CMB1";"Rare";"0";""
"ukjent";"Chaos Warp (foil)";"";"";"STX";"Mythic (FOIL)";"0";""
"ukjent";"Charismatic Conqueror (Extended Art)";"";"";"LCI";"Commander";"0";""
"ukjent";"Chasm Skulker";"";"";"CMB1";"Rare";"0";""
"ukjent";"Chishiro, the Shattered Blade";"";"";"NEO";"Commander";"0";""
"ukjent";"Chishiro, the Shattered Blade (foil)";"";"";"NEO";"Commander";"0";""
"ukjent";"Choked Estuary";"";"";"MID";"Commander";"0";""
"ukjent";"Chong and Lily, Nomads";"";"";"TLA";"Eternal-Legal";"0";""
"ukjent";"Chromatic Lantern";"";"";"CMB1";"Rare";"0";""
"ukjent";"Chromatic Lantern (foil)";"";"";"BRO";"Retro Artifacts (FOIL)";"0";""
"ukjent";"Chromatic Lantern (Schematic Art) (foil)";"";"";"BRO";"Retro Artifacts (FOIL)";"0";""
"ukjent";"Chromatic Star";"";"";"CMB1";"Common";"0";""
"ukjent";"Chromatic Star (foil)";"";"";"BRO";"Retro Artifacts (FOIL)";"0";""
"ukjent";"Chromatic Star (Schematic Art) (foil)";"";"";"BRO";"Retro Artifacts (FOIL)";"0";""
"ukjent";"Chulane, Teller of Tales";"";"";"MKM";"Commander";"0";""
"ukjent";"Cinder Glade";"";"";"MKM";"Commander";"0";""
"ukjent";"Circuitous Route";"";"";"ZNR";"Commander";"0";""
"ukjent";"Citadel Siege";"";"";"MID";"Commander";"0";""
"ukjent";"Citanul Hierophants (Urza's Saga)";"";"";"CMB1";"Rare";"0";""
"ukjent";"Claim the Firstborn";"";"";"STX";"Uncommon";"0";""
"ukjent";"Claim the Firstborn (100 - JPN Alternate Art) (foil)";"";"";"STX";"Uncommon (FOIL)";"0";""
"ukjent";"Claim the Firstborn (foil)";"";"";"STX";"Uncommon (FOIL)";"0";""
"ukjent";"Clavileno, First of the Blessed";"";"";"LCI";"Commander";"0";""
"ukjent";"Clavileno, First of the Blessed (Extended Art)";"";"";"LCI";"Commander";"0";""
"ukjent";"Clavileno, First of the Blessed (Showcase)";"";"";"LCI";"Commander";"0";""
"ukjent";"Cleansing Nova";"";"";"KHM";"Commander";"0";""
"ukjent";"Cleansing Nova";"";"";"MID";"Commander";"0";""
"ukjent";"Clearwater Pathway (Foil)";"";"";"SLD";"Secret Lair";"0";""
"ukjent";"Cleaver Skaab";"";"";"MID";"Commander";"0";""
"ukjent";"Cleaver Skaab (Extended Art)";"";"";"MID";"Commander";"0";""
"ukjent";"Cloud Key";"";"";"CMB1";"Rare";"0";""
"ukjent";"Cloud Key (foil)";"";"";"BRO";"Retro Artifacts (FOIL)";"0";""
"ukjent";"Cloud Key (Schematic Art) (foil)";"";"";"BRO";"Retro Artifacts (FOIL)";"0";""
"ukjent";"Cloudshredder Sliver";"";"";"SPG";"Special";"0";""
"ukjent";"Cloudstone Curio (0349 - Elessar, the Elfstone)";"";"";"PUMA";"Box Topper";"0";""
"ukjent";"Coalition Relic";"";"";"CMB1";"Rare";"0";""
"ukjent";"Coalition Relic";"";"";"DMU";"Commander";"0";""
"ukjent";"Coalition Victory";"";"";"SPG";"Special";"0";""
"ukjent";"Coalition Victory (Timeshifted)";"";"";"CMB1";"Rare";"0";""
"ukjent";"Coat of Arms";"";"";"CMB1";"Rare";"0";""
"ukjent";"Coat of Arms (Borderless)";"";"";"LCI";"Commander";"0";""
"ukjent";"Coercive Portal (Borderless)";"";"";"LCI";"Commander";"0";""
"ukjent";"Coiling Oracle";"";"";"BLB";"Commander";"0";""
"ukjent";"Coin of Mastery";"";"";"TMT";"Eternal Legal";"0";""
"ukjent";"Cold-Eyed Selkie";"";"";"OTJ";"Commander";"0";""
"ukjent";"Coldsteel Heart";"";"";"CMB1";"Uncommon";"0";""
"ukjent";"Collector Ouphe (Modern Horizons)";"";"";"CMB1";"Rare";"0";""
"ukjent";"Colossus Hammer (Borderless)";"";"";"LCI";"Commander";"0";""
"ukjent";"Command Tower";"";"";"BRO";"Commander";"0";""
"ukjent";"Command Tower";"";"";"KHM";"Commander";"0";""
"ukjent";"Command Tower";"";"";"MID";"Commander";"0";""
"ukjent";"Command Tower";"";"";"OTJ";"Commander";"0";""
"ukjent";"Command Tower";"";"";"WOE";"Commander";"0";""
"ukjent";"Command Tower (Borderless) (Reversible)";"";"";"LCI";"Common";"0";""
"ukjent";"Command Tower (Borderless) (Reversible) (Foil)";"";"";"LCI";"Common (FOIL)";"0";""
"ukjent";"Commander's Sphere";"";"";"BRO";"Commander";"0";""
"ukjent";"Commit - Memory";"";"";"CMB1";"Rare";"0";""
"ukjent";"Component Pouch";"";"";"CMB1";"Uncommon";"0";""
"ukjent";"Compulsion (0015) (Foil)";"";"";"WOE";"Enchanting Tales (FOIL)";"0";""
"ukjent";"Compulsive Research";"";"";"STX";"Rare";"0";""
"ukjent";"Compulsive Research (Foil-Etched - 077 - JPN Alternate Art)";"";"";"STX";"Rare (FOIL)";"0";""
"ukjent";"Compulsive Research (foil)";"";"";"STX";"Rare (FOIL)";"0";""
"ukjent";"Compy Swarm (Borderless)";"";"";"LCI";"Rare";"0";""
"ukjent";"Compy Swarm (Borderless) (Foil)";"";"";"LCI";"Rare (FOIL)";"0";""
"ukjent";"Concerted Effort";"";"";"SPM";"Eternal Legal";"0";""
"ukjent";"Condemn";"";"";"ZNR";"Commander";"0";""
"ukjent";"Conjurer's Mantle (Extended Art)";"";"";"MOM";"Commander";"0";""
"ukjent";"Conqueror's Flail (Ronin's Arsenal)";"";"";"TMT";"Source Material Cards";"0";""
"ukjent";"Conspiracy (Foil)";"";"";"CMB1";"Rare";"0";""
"ukjent";"Consuming Aberration";"";"";"SPG";"Special";"0";""
"ukjent";"Consuming Aberration";"";"";"ZNR";"Commander";"0";""
"ukjent";"Contagion Clasp";"";"";"SPG";"Special";"0";""
"ukjent";"Containment Priest";"";"";"SPG";"Special";"0";""
"ukjent";"Conversion Apparatus (Extended Art)";"";"";"MH3";"Commander";"0";""
"ukjent";"Copperline Gorge";"";"";"PUMA";"Box Topper";"0";""
"ukjent";"Copperline Gorge (foil)";"";"";"ZNR";"Box Topper (FOIL)";"0";""
"ukjent";"Copy Enchantment (0016) (Foil)";"";"";"WOE";"Enchanting Tales (FOIL)";"0";""
"ukjent";"Coram, the Undertaker";"";"";"MH3";"Commander";"0";""
"ukjent";"Coram, the Undertaker (Borderless)";"";"";"MH3";"Commander";"0";""
"ukjent";"Cordial Vampire";"";"";"VOW";"Commander";"0";""
"ukjent";"Corpsejack Menace";"";"";"CMB1";"Uncommon";"0";""
"ukjent";"Council's Judgment (borderless)";"";"";"PUMA";"Box Topper";"0";""
"ukjent";"Counterspell";"";"";"SPM";"Eternal Legal";"0";""
"ukjent";"Counterspell";"";"";"STX";"Rare";"0";""
"ukjent";"Counterspell (0052)";"";"";"SPM";"Eternal Legal";"0";""
"ukjent";"Counterspell (foil)";"";"";"STX";"Rare (FOIL)";"0";""
"ukjent";"Courser of Kruphix";"";"";"CMB1";"Rare";"0";""
"ukjent";"Courser of Kruphix";"";"";"SPG";"Special";"0";""
"ukjent";"Court of Vantress";"";"";"WOE";"Commander";"0";""
"ukjent";"Coveted Jewel";"";"";"BLB";"Commander";"0";""
"ukjent";"Coveted Jewel";"";"";"CMB1";"Rare";"0";""
"ukjent";"Crackle with Power";"";"";"SOS";"Mystical Archive";"0";""
"ukjent";"Cragcrown Pathway (Foil)";"";"";"SLD";"Secret Lair";"0";""
"ukjent";"Cranial Plating";"";"";"SPG";"Special";"0";""
"ukjent";"Creeping Tar Pit (foil)";"";"";"ZNR";"Box Topper (FOIL)";"0";""
"ukjent";"Crested Sunmare";"";"";"CMB1";"Mythic";"0";""
"ukjent";"Cresting Mosasaurus (Borderless)";"";"";"LCI";"Rare";"0";""
"ukjent";"Cresting Mosasaurus (Borderless) (Foil)";"";"";"LCI";"Rare (FOIL)";"0";""
"ukjent";"Crimson Honor Guard";"";"";"VOW";"Commander";"0";""
"ukjent";"Crop Rotation";"";"";"SOS";"Mystical Archive";"0";""
"ukjent";"Crop Rotation (borderless)";"";"";"PUMA";"Box Topper";"0";""
"ukjent";"Crosis, the Purger";"";"";"CMB1";"Rare";"0";""
"ukjent";"Crosis's Charm";"";"";"C16";"Uncommon";"0";""
"ukjent";"Crossway Troublemakers";"";"";"VOW";"Commander";"0";""
"ukjent";"Crowded Crypt";"";"";"MID";"Commander";"0";""
"ukjent";"Cruel Tutor";"";"";"TLA";"Eternal-Legal";"0";""
"ukjent";"Crumbling Necropolis";"";"";"BRO";"Commander";"0";""
"ukjent";"Crux of Fate";"";"";"STX";"Mythic";"0";""
"ukjent";"Crux of Fate (foil)";"";"";"STX";"Mythic (FOIL)";"0";""
"ukjent";"Crypt Rats (Visions)";"";"";"CMB1";"Common";"0";""
"ukjent";"Crystal Shard";"";"";"SPG";"Special";"0";""
"ukjent";"Crystalline Crawler (Commander 2016)";"";"";"CMB1";"Rare";"0";""
"ukjent";"Crystalline Crawler (Commander 2016)";"";"";"CMB1";"Rare";"0";""
"ukjent";"Crystalline Sliver";"";"";"CMB1";"Uncommon";"0";""
"ukjent";"Culling Ritual";"";"";"ONE";"Commander";"0";""
"ukjent";"Culling Ritual";"";"";"OTJ";"Commander";"0";""
"ukjent";"Culling Ritual";"";"";"SOS";"Mystical Archive";"0";""
"ukjent";"Culling the Weak";"";"";"SOS";"Mystical Archive";"0";""
"ukjent";"Culling the Weak (Foil)";"";"";"SOS";"Mystical Archive (FOIL)";"0";""
"ukjent";"Cultivate";"";"";"STX";"Uncommon";"0";""
"ukjent";"Cultivate (Foil-Etched - 114 - JPN Alternate Art)";"";"";"STX";"Uncommon (FOIL)";"0";""
"ukjent";"Cultivate (foil)";"";"";"STX";"Uncommon (FOIL)";"0";""
"ukjent";"Cunning Invasion (foil)";"";"";"MH1";"Uncommon (FOIL)";"0";""
"ukjent";"Cunning Rhetoric";"";"";"OTJ";"Commander";"0";""
"ukjent";"Curiosity";"";"";"CMB1";"Uncommon";"0";""
"ukjent";"Curiosity (0017) (Foil)";"";"";"WOE";"Enchanting Tales (FOIL)";"0";""
"ukjent";"Curious Altisaur";"";"";"LCI";"Commander";"0";""
"ukjent";"Curse of Clinging Webs";"";"";"MID";"Commander";"0";""
"ukjent";"Curse of Clinging Webs (Extended Art)";"";"";"MID";"Commander";"0";""
"ukjent";"Curse of Conformity";"";"";"MID";"Commander";"0";""
"ukjent";"Curse of Obsession";"";"";"MID";"Commander";"0";""
"ukjent";"Curse of Opulence";"";"";"CMB1";"Uncommon";"0";""
"ukjent";"Curse of the Restless Dead";"";"";"MID";"Commander";"0";""
"ukjent";"Curse of the Swine";"";"";"KHM";"Commander";"0";""
"ukjent";"Curse of the Swine";"";"";"MH3";"Commander";"0";""
"ukjent";"Curse of the Swine";"";"";"OTJ";"Commander";"0";""
"ukjent";"Curse of Unbinding";"";"";"MID";"Commander";"0";""
"ukjent";"Cutthroat Negotiator";"";"";"MOM";"Commander";"0";""
"ukjent";"Cyberdrive Awakener";"";"";"SPM";"Eternal Legal";"0";""
"ukjent";"Cyclonic Rift";"";"";"SOS";"Mystical Archive";"0";""
"ukjent";"Cyclonic Rift (borderless)";"";"";"PUMA";"Box Topper";"0";""
"ukjent";"Cytoplast Manipulator";"";"";"TMT";"Source Material Cards";"0";""
"ukjent";"Damnable Pact";"";"";"VOW";"Commander";"0";""
"ukjent";"Danitha Capashen, Paragon";"";"";"CMB1";"Uncommon";"0";""
"ukjent";"Danitha, New Benalia's Light";"";"";"MOM";"Aftermath";"0";""
"ukjent";"Daretti, Scrap Savant (Non-Foil - Commander 2014)";"";"";"CMB1";"Mythic";"0";""
"ukjent";"Dark Confidant (borderless)";"";"";"PUMA";"Box Topper";"0";""
"ukjent";"Dark Ritual";"";"";"STX";"Rare";"0";""
"ukjent";"Dark Ritual (foil)";"";"";"STX";"Rare (FOIL)";"0";""
"ukjent";"Dark Salvation";"";"";"MID";"Commander";"0";""
"ukjent";"Dark Suspicions (Planeshift)";"";"";"CMB1";"Rare";"0";""
"ukjent";"Dark Tutelage (0028) (Foil)";"";"";"WOE";"Enchanting Tales (FOIL)";"0";""
"ukjent";"Darkbore Pathway (Foil)";"";"";"SLD";"Secret Lair";"0";""
"ukjent";"Darkslick Shores";"";"";"PUMA";"Box Topper";"0";""
"ukjent";"Darkslick Shores (foil)";"";"";"ZNR";"Box Topper (FOIL)";"0";""
"ukjent";"Darksteel Citadel (MM2015)";"";"";"CMB1";"Common";"0";""
"ukjent";"Darksteel Ingot";"";"";"OTJ";"Commander";"0";""
"ukjent";"Darkwater Catacombs";"";"";"MID";"Commander";"0";""
"ukjent";"Darkwater Catacombs";"";"";"OTJ";"Commander";"0";""
"ukjent";"Dauthi Slayer";"";"";"SPG";"Special";"0";""
"ukjent";"Dauthi Voidwalker (Widow-Making Infiltrator)";"";"";"SPM";"Eternal Legal";"0";""
"ukjent";"Dauthi Voidwalker (Widow-Making Infiltrator)";"";"";"SPM";"Eternal Legal";"0";""
"ukjent";"Dawn of Hope (0002) (Foil)";"";"";"WOE";"Enchanting Tales (FOIL)";"0";""
"ukjent";"Daxos the Returned";"";"";"CMB1";"Mythic";"0";""
"ukjent";"Daxos, Blessed by the Sun (foil)";"";"";"MOM";"Multiverse Legends (FOIL)";"0";""
"ukjent";"Day of Judgment";"";"";"STX";"Mythic";"0";""
"ukjent";"Day of Judgment (foil)";"";"";"STX";"Mythic (FOIL)";"0";""
"ukjent";"Day's Undoing";"";"";"CMB1";"Mythic";"0";""
"ukjent";"Deadbridge Chant";"";"";"DSK";"Commander";"0";""
"ukjent";"Deadly Dispute";"";"";"SPM";"Eternal Legal";"0";""
"ukjent";"Death Baron";"";"";"MID";"Commander";"0";""
"ukjent";"Death Cloud";"";"";"CMB1";"Rare";"0";""
"ukjent";"Death-Greeter's Champion";"";"";"MOM";"Commander";"0";""
"ukjent";"Death-Greeter's Champion (Extended Art)";"";"";"MOM";"Commander";"0";""
"ukjent";"Death's Presence";"";"";"MID";"Commander";"0";""
"ukjent";"Deathgorge Scavenger";"";"";"LCI";"Commander";"0";""
"ukjent";"Deathreap Ritual";"";"";"CMB1";"Uncommon";"0";""
"ukjent";"Deathreap Ritual";"";"";"DSK";"Commander";"0";""
"ukjent";"Debtors' Knell";"";"";"CMB1";"Rare";"0";""
"ukjent";"Decimate";"";"";"NEO";"Commander";"0";""
"ukjent";"Decree of Justice";"";"";"CMB1";"Rare";"0";""
"ukjent";"Deepglow Skate";"";"";"CMB1";"Rare";"0";""
"ukjent";"Deeproot Historian";"";"";"LCI";"Commander";"0";""
"ukjent";"Defense Grid (foil)";"";"";"BRO";"Retro Artifacts (FOIL)";"0";""
"ukjent";"Defense Grid (Schematic Art) (foil)";"";"";"BRO";"Retro Artifacts (FOIL)";"0";""
"ukjent";"Defense of the Heart";"";"";"CMB1";"Rare";"0";""
"ukjent";"Defense of the Heart (0051) (Foil)";"";"";"WOE";"Enchanting Tales (FOIL)";"0";""
"ukjent";"Defense of the Heart (0080 - Anime) (Foil)";"";"";"WOE";"Enchanting Tales (FOIL)";"0";""
"ukjent";"Deflecting Palm";"";"";"SOS";"Mystical Archive";"0";""
"ukjent";"Deification (Showcase)";"";"";"MOM";"Aftermath";"0";""
"ukjent";"Demolisher Spawn";"";"";"DSK";"Commander";"0";""
"ukjent";"Demon of Death's Gate";"";"";"CMB1";"Mythic";"0";""
"ukjent";"Demonic Covenant";"";"";"DSK";"Commander";"0";""
"ukjent";"Demonic Tutor";"";"";"CMB1";"Uncommon";"0";""
"ukjent";"Demonic Tutor";"";"";"STX";"Mythic";"0";""
"ukjent";"Demonic Tutor (foil)";"";"";"STX";"Mythic (FOIL)";"0";""
"ukjent";"Demonic Tutor (Ultimate Masters)";"";"";"CMB1";"Rare";"0";""
"ukjent";"Denying Wind (Prophecy)";"";"";"CMB1";"Rare";"0";""
"ukjent";"Desert (ADD Commander)";"";"";"CMB1";"Uncommon";"0";""
"ukjent";"Desert Warfare (Extended Art)";"";"";"MH3";"Commander";"0";""
"ukjent";"Desolation Angel";"";"";"CMB1";"Rare";"0";""
"ukjent";"Desolation Twin";"";"";"CMB1";"Rare";"0";""
"ukjent";"Despark";"";"";"BRO";"Commander";"0";""
"ukjent";"Despark";"";"";"STX";"Rare";"0";""
"ukjent";"Despark (foil)";"";"";"STX";"Rare (FOIL)";"0";""
"ukjent";"Destiny Spinner";"";"";"WOE";"Commander";"0";""
"ukjent";"Dictate of Erebos";"";"";"CMB1";"Rare";"0";""
"ukjent";"Dictate of Heliod";"";"";"CMB1";"Rare";"0";""
"ukjent";"Dig Up";"";"";"CMB1";"Rare";"0";""
"ukjent";"Dimir Doppelganger";"";"";"GRN";"Guild Kits";"0";""
"ukjent";"Dimir Guildgate 245A";"";"";"GRN";"Common";"0";""
"ukjent";"Dimir Guildgate 246B";"";"";"GRN";"Common";"0";""
"ukjent";"Dimir Signet";"";"";"BRO";"Commander";"0";""
"ukjent";"Dina, Soul Steeper (foil)";"";"";"MOM";"Multiverse Legends (FOIL)";"0";""
"ukjent";"Dino DNA (Borderless)";"";"";"LCI";"Rare";"0";""
"ukjent";"Dino DNA (Borderless) (Foil)";"";"";"LCI";"Rare (FOIL)";"0";""
"ukjent";"Dinosaur Egg";"";"";"LCI";"Commander";"0";""
"ukjent";"Diregraf Colossus";"";"";"MID";"Commander";"0";""
"ukjent";"Disa the Restless (Borderless)";"";"";"MH3";"Commander";"0";""
"ukjent";"Disciple of Bolas";"";"";"TDM";"Commander";"0";""
"ukjent";"Disenchant";"";"";"SPG";"Special";"0";""
"ukjent";"Dismember";"";"";"CMB1";"Uncommon";"0";""
"ukjent";"Dismember";"";"";"SOS";"Mystical Archive";"0";""
"ukjent";"Disorder in the Court";"";"";"VOW";"Commander";"0";""
"ukjent";"Distant Melody";"";"";"LCI";"Commander";"0";""
"ukjent";"Distant Melody";"";"";"ZNR";"Commander";"0";""
"ukjent";"Divine Gambit (foil)";"";"";"STX";"Uncommon (FOIL)";"0";""
"ukjent";"Divining Witch";"";"";"CMB1";"Rare";"0";""
"ukjent";"Dominaria's Judgment (Planeshift)";"";"";"CMB1";"Rare";"0";""
"ukjent";"Dominus of Fealty";"";"";"CMB1";"Rare";"0";""
"ukjent";"Don Andres, the Renegade";"";"";"LCI";"Commander";"0";""
"ukjent";"Don't Move (Borderless)";"";"";"LCI";"Rare";"0";""
"ukjent";"Don't Move (Borderless) (Foil)";"";"";"LCI";"Rare (FOIL)";"0";""
"ukjent";"Donal, Herald of Wings";"";"";"VOW";"Commander";"0";""
"ukjent";"Donal, Herald of Wings (Foil)";"";"";"VOW";"Commander";"0";""
"ukjent";"Doom Blade";"";"";"STX";"Rare";"0";""
"ukjent";"Doom Blade (foil)";"";"";"STX";"Rare (FOIL)";"0";""
"ukjent";"Doom Weaver";"";"";"VOW";"Commander";"0";""
"ukjent";"Doomgape";"";"";"CMB1";"Rare";"0";""
"ukjent";"Door to Nothingness (foil)";"";"";"BRO";"Retro Artifacts (FOIL)";"0";""
"ukjent";"Door to Nothingness (Schematic Art) (foil)";"";"";"BRO";"Retro Artifacts (FOIL)";"0";""
"ukjent";"Doubling Season";"";"";"TMT";"Source Material Cards";"0";""
"ukjent";"Doubling Season (0052) (Foil)";"";"";"WOE";"Enchanting Tales (FOIL)";"0";""
"ukjent";"Doubling Season (0081 - Anime) (Foil)";"";"";"WOE";"Enchanting Tales (FOIL)";"0";""
"ukjent";"Doubling Season (borderless)";"";"";"PUMA";"Box Topper";"0";""
"ukjent";"Dovin, Grand Arbiter";"";"";"VOW";"Commander";"0";""
"ukjent";"Dovin's Aucity (foil)";"";"";"RNA";"Uncommon (FOIL)";"0";""
"ukjent";"Dovin's Veto";"";"";"SPG";"Special";"0";""
"ukjent";"Draco";"";"";"CMB1";"Rare";"0";""
"ukjent";"Dragon Broodmother";"";"";"CMB1";"Mythic";"0";""
"ukjent";"Dragon Mantle (0041) (Foil)";"";"";"WOE";"Enchanting Tales (FOIL)";"0";""
"ukjent";"Dragon Throne of Tarkir (Khans of Tarkir)";"";"";"CMB1";"Rare";"0";""
"ukjent";"Dragon Whelp";"";"";"SPG";"Special";"0";""
"ukjent";"Dragon's Rage Channeler";"";"";"CMB1";"Uncommon";"0";""
"ukjent";"Dragonlord Atarka";"";"";"CMB1";"Mythic";"0";""
"ukjent";"Dragonlord Dromoka";"";"";"CMB1";"Mythic";"0";""
"ukjent";"Dragonlord Ojutai";"";"";"CMB1";"Mythic";"0";""
"ukjent";"Dragonstorm";"";"";"SPG";"Special";"0";""
"ukjent";"Drana, Kalastria Bloodchief";"";"";"CMB1";"Rare";"0";""
"ukjent";"Drannith Ruins";"";"";"MOM";"Aftermath";"0";""
"ukjent";"Dreadhorde Invasion";"";"";"MID";"Commander";"0";""
"ukjent";"Dream-Thief's Bandana";"";"";"OTJ";"Commander";"0";""
"ukjent";"Drift of Phantasms";"";"";"CMB1";"Common";"0";""
"ukjent";"Drinker of Sorrow (Legions)";"";"";"CMB1";"Rare";"0";""
"ukjent";"Drogskol Reinforcements";"";"";"VOW";"Commander";"0";""
"ukjent";"Drown in Dreams";"";"";"MH3";"Commander";"0";""
"ukjent";"Drown in Dreams";"";"";"MID";"Commander";"0";""
"ukjent";"Druid's Call";"";"";"CMB1";"Uncommon";"0";""
"ukjent";"Drumbellower";"";"";"NEO";"Commander";"0";""
"ukjent";"Dryad Arbor";"";"";"CMB1";"Uncommon";"0";""
"ukjent";"Dune Chanter";"";"";"OTJ";"Commander";"0";""
"ukjent";"Duplicant";"";"";"MOM";"Commander";"0";""
"ukjent";"Duress (092 - JPN Alternate Art) (foil)";"";"";"STX";"Uncommon (FOIL)";"0";""
"ukjent";"Duress (foil)";"";"";"STX";"Uncommon (FOIL)";"0";""
"ukjent";"Eater of Days";"";"";"CMB1";"Rare";"0";""
"ukjent";"Edric, Spymaster of Trest";"";"";"OTJ";"Commander";"0";""
"ukjent";"Elas il-Kor, Sadistic Pilgrim (Dominaria United)";"";"";"CMB1";"Uncommon";"0";""
"ukjent";"Elderfang Venom";"";"";"KHM";"Commander";"0";""
"ukjent";"Elderfang Venom";"";"";"KHM";"Commander";"0";""
"ukjent";"Eldrazi Monument";"";"";"CMB1";"Mythic";"0";""
"ukjent";"Eldrazi Monument (Ripple Foil)";"";"";"MH3";"Rare (FOIL)";"0";""
"ukjent";"Electric Seaweed";"";"";"TMT";"Eternal Legal";"0";""
"ukjent";"Electrolyze";"";"";"STX";"Rare";"0";""
"ukjent";"Electrolyze (Foil-Etched)";"";"";"STX";"Rare (FOIL)";"0";""
"ukjent";"Electrolyze (foil)";"";"";"STX";"Rare (FOIL)";"0";""
"ukjent";"Electrostatic Pummeler";"";"";"CMB1";"Rare";"0";""
"ukjent";"Elenda and Azor";"";"";"MOM";"Commander";"0";""
"ukjent";"Elenda, the Dusk Rose";"";"";"CMB1";"Mythic";"0";""
"ukjent";"Elesh Norn, Grand Cenobite";"";"";"CMB1";"Mythic";"0";""
"ukjent";"Elesh Norn, Grand Cenobite (foil)";"";"";"MOM";"Multiverse Legends (FOIL)";"0";""
"ukjent";"Eliminate (Foil-Etched - 093 - JPN Alternate Art)";"";"";"STX";"Uncommon (FOIL)";"0";""
"ukjent";"Eliminate (foil)";"";"";"STX";"Uncommon (FOIL)";"0";""
"ukjent";"Elixir of Immortality";"";"";"CMB1";"Uncommon";"0";""
"ukjent";"Ellie and Alan, Paleontologists (Borderless)";"";"";"LCI";"Rare";"0";""
"ukjent";"Ellie and Alan, Paleontologists (Borderless) (Foil)";"";"";"LCI";"Rare (FOIL)";"0";""
"ukjent";"Eloise, Nephalia Sleuth";"";"";"MID";"Commander";"0";""
"ukjent";"Elsewhere Flask (foil)";"";"";"BRO";"Retro Artifacts (FOIL)";"0";""
"ukjent";"Elsewhere Flask (Schematic Art) (foil)";"";"";"BRO";"Retro Artifacts (FOIL)";"0";""
"ukjent";"Elspeth, Undaunted Hero";"";"";"CMB1";"Mythic";"0";""
"ukjent";"Elspeth's Talent";"";"";"MOM";"Commander";"0";""
"ukjent";"Elspeth's Talent (Extended Art)";"";"";"MOM";"Commander";"0";""
"ukjent";"Elvish Archdruid";"";"";"KHM";"Commander";"0";""
"ukjent";"Elvish Champion";"";"";"CMB1";"Rare";"0";""
"ukjent";"Elvish Mystic";"";"";"SPG";"Special";"0";""
"ukjent";"Elvish Promenade";"";"";"KHM";"Commander";"0";""
"ukjent";"Embercleave";"";"";"CMB1";"Mythic";"0";""
"ukjent";"Emeria Angel";"";"";"ZNR";"Commander";"0";""
"ukjent";"Emeria Shepherd";"";"";"ZNR";"Commander";"0";""
"ukjent";"Emeria, the Sky Ruin";"";"";"CMB1";"Rare";"0";""
"ukjent";"Emperor Mihail II";"";"";"DMU";"Commander";"0";""
"ukjent";"Emperor Mihail II";"";"";"LCI";"Commander";"0";""
"ukjent";"Empty the Laboratory";"";"";"MID";"Commander";"0";""
"ukjent";"Empty the Warrens";"";"";"SOS";"Mystical Archive";"0";""
"ukjent";"Emry, Lurker of the Loch";"";"";"NEO";"Commander";"0";""
"ukjent";"Emry, Lurker of the Loch (foil)";"";"";"MOM";"Multiverse Legends (FOIL)";"0";""
"ukjent";"End-Raze Forerunners";"";"";"KHM";"Commander";"0";""
"ukjent";"Endless Ranks of the Dead";"";"";"MID";"Commander";"0";""
"ukjent";"Enduring Renewal";"";"";"SPG";"Special";"0";""
"ukjent";"Energy Field";"";"";"CMB1";"Rare";"0";""
"ukjent";"Enigma Thief";"";"";"ZNR";"Commander";"0";""
"ukjent";"Enlightened Tutor";"";"";"CMB1";"Uncommon";"0";""
"ukjent";"Ensoul Artifact";"";"";"CMB1";"Uncommon";"0";""
"ukjent";"Entreat the Dead";"";"";"CMB1";"Rare";"0";""
"ukjent";"Ephemerate";"";"";"SPM";"Eternal Legal";"0";""
"ukjent";"Ephemerate";"";"";"STX";"Rare";"0";""
"ukjent";"Ephemerate (foil)";"";"";"STX";"Rare (FOIL)";"0";""
"ukjent";"Epic Experiment";"";"";"SPG";"Special";"0";""
"ukjent";"Ertai, the Corrupted (Planeshift)";"";"";"CMB1";"Rare";"0";""
"ukjent";"Escape to the Wilds";"";"";"SPM";"Eternal Legal";"0";""
"ukjent";"Esix, Fractal Bloom";"";"";"MKM";"Commander";"0";""
"ukjent";"Esix, Fractal Bloom (Extended Art)";"";"";"CMR";"Rare";"0";""
"ukjent";"Essence Sliver";"";"";"SPG";"Special";"0";""
"ukjent";"Etali, Primal Storm";"";"";"LCI";"Commander";"0";""
"ukjent";"Etali, Primal Storm";"";"";"SPG";"Special";"0";""
"ukjent";"Eternal Dominion";"";"";"CMB1";"Rare";"0";""
"ukjent";"Eternal Witness";"";"";"MID";"Commander";"0";""
"ukjent";"Eternal Witness";"";"";"SPG";"Special";"0";""
"ukjent";"Eternal Witness (Fifth Dawn)";"";"";"CMB1";"Uncommon";"0";""
"ukjent";"Eternal Witness (Ultimate Masters)";"";"";"CMB1";"Uncommon";"0";""
"ukjent";"Ethereal Investigator";"";"";"VOW";"Commander";"0";""
"ukjent";"Ethereal Investigator (Extended Art)";"";"";"VOW";"Commander";"0";""
"ukjent";"Etherium-Horn Sorcerer";"";"";"CMB1";"Rare";"0";""
"ukjent";"Ethersworn Adjudicator";"";"";"BRO";"Commander";"0";""
"ukjent";"Evacuation";"";"";"MH3";"Commander";"0";""
"ukjent";"Everflowing Chalice";"";"";"SPG";"Special";"0";""
"ukjent";"Everflowing Chalice (Borderless)";"";"";"LCI";"Commander";"0";""
"ukjent";"Evil Eye of Orms-by-Gore";"";"";"SPG";"Special";"0";""
"ukjent";"Evolution Sage";"";"";"ZNR";"Commander";"0";""
"ukjent";"Evolutionary Leap";"";"";"SPG";"Special";"0";""
"ukjent";"Exalted Dragon";"";"";"V15";"Mythic";"0";""
"ukjent";"Excavation Technique (Extended Art)";"";"";"CMR";"Rare";"0";""
"ukjent";"Exotic Orchard";"";"";"BRO";"Commander";"0";""
"ukjent";"Exotic Orchard";"";"";"VOW";"Commander";"0";""
"ukjent";"Exotic Orchard";"";"";"VOW";"Commander";"0";""
"ukjent";"Expedition Map (Borderless)";"";"";"LCI";"Commander";"0";""
"ukjent";"Experiment Twelve (Extended Art)";"";"";"MKM";"Commander";"0";""
"ukjent";"Exploding Barrel";"";"";"TMT";"Eternal Legal";"0";""
"ukjent";"Exploration (borderless)";"";"";"PUMA";"Box Topper";"0";""
"ukjent";"Expropriate";"";"";"CMB1";"Mythic";"0";""
"ukjent";"Exquisite Blood";"";"";"CMB1";"Rare";"0";""
"ukjent";"Exquisite Firecraft";"";"";"SPG";"Special";"0";""
"ukjent";"Eye of Ojer Taq";"";"";"LCI";"Commander";"0";""
"ukjent";"Ezuri, Claw of Progress (foil)";"";"";"MOM";"Multiverse Legends (FOIL)";"0";""
"ukjent";"Fact or Fiction";"";"";"BRO";"Commander";"0";""
"ukjent";"Faeburrow Elder";"";"";"DMU";"Commander";"0";""
"ukjent";"Faerie Conclave";"";"";"CMB1";"Uncommon";"0";""
"ukjent";"Faithless Looting";"";"";"DMU";"Commander";"0";""
"ukjent";"Faithless Looting";"";"";"STX";"Rare";"0";""
"ukjent";"Faithless Looting (Foil-Etched - 101 - JPN Alternate Art)";"";"";"STX";"Rare (FOIL)";"0";""
"ukjent";"Faithless Looting (foil)";"";"";"STX";"Rare (FOIL)";"0";""
"ukjent";"Falkenrath Gorger";"";"";"VOW";"Commander";"0";""
"ukjent";"Fang, Fearless l'Cie // Ragnarok, Divine Deliverance (#381) (Bottom) (Borderless)";"";"";"FIN";"Uncommon";"0";""
"ukjent";"Fang, Fearless l'Cie // Ragnarok, Divine Deliverance (#381) (Bottom) (Borderless) (Foil)";"";"";"FIN";"Uncommon (FOIL)";"0";""
"ukjent";"Fang, Fearless l'Cie // Ragnarok, Divine Deliverance (#446) (Bottom) (Extended Art)";"";"";"FIN";"Uncommon";"0";""
"ukjent";"Fang, Fearless l'Cie // Ragnarok, Divine Deliverance (#446) (Extended Art) (Foil)";"";"";"FIN";"Uncommon (FOIL)";"0";""
"ukjent";"Fang, Fearless l'Cie // Ragnarok, Divine Deliverance (Foil)";"";"";"FIN";"Uncommon (FOIL)";"0";""
"ukjent";"Farhaven Elf";"";"";"KHM";"Commander";"0";""
"ukjent";"Farseek";"";"";"DMU";"Commander";"0";""
"ukjent";"Farseek";"";"";"SPG";"Special";"0";""
"ukjent";"Fatal Push (borderless)";"";"";"PUMA";"Box Topper";"0";""
"ukjent";"Fathom Mage";"";"";"CMB1";"Rare";"0";""
"ukjent";"Fblthp, the Lost";"";"";"SPG";"Special";"0";""
"ukjent";"Feast of the Victorious Dead";"";"";"MOM";"Aftermath";"0";""
"ukjent";"Feather, the Redeemed";"";"";"SPG";"Special";"0";""
"ukjent";"Feed the Swarm";"";"";"BRO";"Commander";"0";""
"ukjent";"Feed the Swarm";"";"";"SPM";"Eternal Legal";"0";""
"ukjent";"Feed the Swarm (Foil)";"";"";"SOS";"Mystical Archive (FOIL)";"0";""
"ukjent";"Feldon of the Third Path";"";"";"SPG";"Special";"0";""
"ukjent";"Feldon of the Third Path (Commander 2021)";"";"";"CMB1";"Mythic";"0";""
"ukjent";"Feldon's Cane";"";"";"SPG";"Special";"0";""
"ukjent";"Felidar Guardian";"";"";"CMB1";"Uncommon";"0";""
"ukjent";"Felidar Sovereign";"";"";"CMB1";"Rare";"0";""
"ukjent";"Fell the Mighty";"";"";"VOW";"Commander";"0";""
"ukjent";"Fellwar Stone";"";"";"BRO";"Commander";"0";""
"ukjent";"Fellwar Stone";"";"";"CMB1";"Uncommon";"0";""
"ukjent";"Fellwar Stone";"";"";"OTJ";"Commander";"0";""
"ukjent";"Ferrous Lake";"";"";"TDM";"Commander";"0";""
"ukjent";"Fervor";"";"";"TLA";"Eternal-Legal";"0";""
"ukjent";"Fetid Pools";"";"";"OTJ";"Commander";"0";""
"ukjent";"Fevered Visions";"";"";"TLA";"Eternal-Legal";"0";""
"ukjent";"Field of Ruin";"";"";"CMB1";"Uncommon";"0";""
"ukjent";"Field of Ruin";"";"";"SPG";"Special";"0";""
"ukjent";"Fiendslayer Paladin";"";"";"CMB1";"Rare";"0";""
"ukjent";"Fiery Confluence";"";"";"LCI";"Commander";"0";""
"ukjent";"Fiery Emancipation";"";"";"SPM";"Eternal Legal";"0";""
"ukjent";"Fiery Emancipation (0042) (Foil)";"";"";"WOE";"Enchanting Tales (FOIL)";"0";""
"ukjent";"Fiery Encore (Extended Art)";"";"";"CMR";"Rare";"0";""
"ukjent";"Fiery Justice";"";"";"CMB1";"Rare";"0";""
"ukjent";"Fiery Temper";"";"";"SPG";"Special";"0";""
"ukjent";"Final Act";"";"";"SPM";"Eternal Legal";"0";""
"ukjent";"Final Showdown";"";"";"SPM";"Eternal Legal";"0";""
"ukjent";"Finale of Revelation";"";"";"MH3";"Commander";"0";""
"ukjent";"Firemane Commando";"";"";"MOM";"Commander";"0";""
"ukjent";"Firesong and Sunspeaker (foil)";"";"";"MOM";"Multiverse Legends (FOIL)";"0";""
"ukjent";"Firja, Judge of Valor (foil)";"";"";"MOM";"Multiverse Legends (FOIL)";"0";""
"ukjent";"Fisher's Talent";"";"";"BLB";"Commander";"0";""
"ukjent";"Fist of Suns (Borderless)";"";"";"LCI";"Commander";"0";""
"ukjent";"Five-Alarm Fire (Gatecrash)";"";"";"CMB1";"Rare";"0";""
"ukjent";"Flamekin Harbinger (Foil)";"";"";"CMB1";"Uncommon";"0";""
"ukjent";"Flamekin Village (Commander 2014)";"";"";"CMB1";"Rare";"0";""
"ukjent";"Flickerwisp";"";"";"SPG";"Special";"0";""
"ukjent";"Flood of Tears";"";"";"VOW";"Commander";"0";""
"ukjent";"Flooded Grove";"";"";"BLB";"Commander";"0";""
"ukjent";"Flooded Grove";"";"";"OTJ";"Commander";"0";""
"ukjent";"Flooded Strand";"";"";"PUMA";"Box Topper";"0";""
"ukjent";"Flooded Strand (foil)";"";"";"ZNR";"Box Topper (FOIL)";"0";""
"ukjent";"Flusterstorm";"";"";"SOS";"Mystical Archive";"0";""
"ukjent";"Flying Men";"";"";"SPG";"Special";"0";""
"ukjent";"Font of Mythos";"";"";"CMB1";"Rare";"0";""
"ukjent";"Food Chain";"";"";"CMB1";"Rare";"0";""
"ukjent";"Force of Savagery";"";"";"CMB1";"Rare";"0";""
"ukjent";"Force of Vigor";"";"";"SPM";"Eternal Legal";"0";""
"ukjent";"Force of Vigor (Modern Horizons)";"";"";"CMB1";"Rare";"0";""
"ukjent";"Force of Will (borderless)";"";"";"PUMA";"Box Topper";"0";""
"ukjent";"Forced Fruition";"";"";"CMB1";"Rare";"0";""
"ukjent";"Forced Fruition (0018) (Foil)";"";"";"WOE";"Enchanting Tales (FOIL)";"0";""
"ukjent";"Foreboding Ruins";"";"";"VOW";"Commander";"0";""
"ukjent";"Foreboding Steamboat (Extended Art)";"";"";"MKM";"Commander";"0";""
"ukjent";"Forgotten Ancient";"";"";"BLB";"Commander";"0";""
"ukjent";"Forgotten Ancient";"";"";"NEO";"Commander";"0";""
"ukjent";"Forgotten Creation";"";"";"MID";"Commander";"0";""
"ukjent";"Form of the Dragon (Foil)";"";"";"CMB1";"Rare";"0";""
"ukjent";"Forsaken City";"";"";"CMB1";"Rare";"0";""
"ukjent";"Fortified Village";"";"";"MID";"Commander";"0";""
"ukjent";"Foundry Inspector (foil)";"";"";"BRO";"Retro Artifacts (FOIL)";"0";""
"ukjent";"Foundry Inspector (Schematic Art) (foil)";"";"";"BRO";"Retro Artifacts (FOIL)";"0";""
"ukjent";"Fracture";"";"";"SOS";"Mystical Archive";"0";""
"ukjent";"Fractured Powerstone";"";"";"CMB1";"Common";"0";""
"ukjent";"Fraying Sanity (0019) (Foil)";"";"";"WOE";"Enchanting Tales (FOIL)";"0";""
"ukjent";"Frontier Bivouac";"";"";"CMB1";"Uncommon";"0";""
"ukjent";"Frost Titan";"";"";"CMB1";"Mythic";"0";""
"ukjent";"Funeral Charm";"";"";"SPG";"Special";"0";""
"ukjent";"Fungusaur (Foil)";"";"";"CMB1";"Rare";"0";""
"ukjent";"Furnace of Rath (Tempest)";"";"";"CMB1";"Rare";"0";""
"ukjent";"Furycalm Snarl";"";"";"LCI";"Commander";"0";""
"ukjent";"Fynn, the Fangbearer (foil)";"";"";"MOM";"Multiverse Legends (FOIL)";"0";""
"ukjent";"Gaea's Anthem";"";"";"CMB1";"Rare";"0";""
"ukjent";"Gaea's Liege";"";"";"SPG";"Special";"0";""
"ukjent";"Game Trail";"";"";"LCI";"Commander";"0";""
"ukjent";"Game Trail";"";"";"MOM";"Commander";"0";""
"ukjent";"Garruk's Uprising (0053) (Foil)";"";"";"WOE";"Enchanting Tales (FOIL)";"0";""
"ukjent";"Gauntlet of Power";"";"";"CMB1";"Rare";"0";""
"ukjent";"Geist of Saint Traft";"";"";"VOW";"Commander";"0";""
"ukjent";"Gempalm Polluter";"";"";"CMB1";"Common";"0";""
"ukjent";"Gemstone Mine";"";"";"CMB1";"Rare";"0";""
"ukjent";"Gemstone Mine";"";"";"SPG";"Special";"0";""
"ukjent";"General Marhault Elsdragon (foil)";"";"";"DMU";"Commander";"0";""
"ukjent";"Geode Rager";"";"";"ZNR";"Commander";"0";""
"ukjent";"Geralf's Messenger";"";"";"CMB1";"Rare";"0";""
"ukjent";"Geth's Grimoire (Foil)";"";"";"CMB1";"Uncommon";"0";""
"ukjent";"Ghidorah, King of the Cosmos (foil)";"";"";"IKO";"Mythic (FOIL)";"0";""
"ukjent";"Ghost Quarter (Dissension)";"";"";"CMB1";"Uncommon";"0";""
"ukjent";"Ghostly Pilferer";"";"";"OTJ";"Commander";"0";""
"ukjent";"Ghostly Pilferer";"";"";"VOW";"Commander";"0";""
"ukjent";"Ghostly Prison";"";"";"VOW";"Commander";"0";""
"ukjent";"Ghostway";"";"";"CMB1";"Rare";"0";""
"ukjent";"Ghouls' Night Out";"";"";"MID";"Commander";"0";""
"ukjent";"Giada, Font of Hope";"";"";"JMP";"Jumpstart";"0";""
"ukjent";"Giant Adephage";"";"";"DSK";"Commander";"0";""
"ukjent";"Gift of Estates";"";"";"STX";"Rare";"0";""
"ukjent";"Gift of Estates (foil)";"";"";"STX";"Rare (FOIL)";"0";""
"ukjent";"Gilded Lotus (foil)";"";"";"BRO";"Retro Artifacts (FOIL)";"0";""
"ukjent";"Gilded Lotus (Schematic Art) (foil)";"";"";"BRO";"Retro Artifacts (FOIL)";"0";""
"ukjent";"Gilt-Leaf Palace";"";"";"CMB1";"Rare";"0";""
"ukjent";"Gisa and Geralf";"";"";"CMB1";"Mythic";"0";""
"ukjent";"Gisa and Geralf";"";"";"MID";"Commander";"0";""
"ukjent";"Gisela, the Broken Blade // Brisela, Voice of Nightmares (Top)";"";"";"INR";"Mythic";"0";""
"ukjent";"Glass-Cast Heart";"";"";"LCI";"Commander";"0";""
"ukjent";"Glass-Cast Heart";"";"";"VOW";"Commander";"0";""
"ukjent";"Gleeful Sabotage (Foil)";"";"";"CMB1";"Common";"0";""
"ukjent";"Glimpse of Nature";"";"";"SOS";"Mystical Archive";"0";""
"ukjent";"Glistening Sphere (Extended Art)";"";"";"ONE";"Commander";"0";""
"ukjent";"Glittering Wish";"";"";"CMB1";"Rare";"0";""
"ukjent";"Gnaw to the Bone";"";"";"CMB1";"Common";"0";""
"ukjent";"Go-Shintai of Life's Origin";"";"";"NEO";"Commander";"0";""
"ukjent";"Go-Shintai of Life's Origin (foil)";"";"";"NEO";"Commander";"0";""
"ukjent";"Goblin Assassin";"";"";"CMB1";"Uncommon";"0";""
"ukjent";"Goblin Assault";"";"";"CMB1";"Uncommon";"0";""
"ukjent";"Goblin Bombardment";"";"";"CMB1";"Uncommon";"0";""
"ukjent";"Goblin Bombardment (0043) (Foil)";"";"";"WOE";"Enchanting Tales (FOIL)";"0";""
"ukjent";"Goblin Bushwhacker (Foil)";"";"";"CMB1";"Common";"0";""
"ukjent";"Goblin Charbelcher";"";"";"CMB1";"Rare";"0";""
"ukjent";"Goblin Charbelcher (foil)";"";"";"BRO";"Retro Artifacts (FOIL)";"0";""
"ukjent";"Goblin Charbelcher (Schematic Art) (foil)";"";"";"BRO";"Retro Artifacts (FOIL)";"0";""
"ukjent";"Goblin Chieftain";"";"";"CMB1";"Rare";"0";""
"ukjent";"Goblin Engineer";"";"";"SPG";"Special";"0";""
"ukjent";"Goblin Game";"";"";"CMB1";"Rare";"0";""
"ukjent";"Goblin Grenade";"";"";"CMB1";"Uncommon";"0";""
"ukjent";"Goblin Guide (borderless)";"";"";"PUMA";"Box Topper";"0";""
"ukjent";"Goblin Lore";"";"";"CMB1";"Uncommon";"0";""
"ukjent";"Goblin Piledriver";"";"";"CMB1";"Rare";"0";""
"ukjent";"Goblin Warchief";"";"";"CMB1";"Uncommon";"0";""
"ukjent";"Gods Willing";"";"";"STX";"Rare";"0";""
"ukjent";"Gods Willing (Foil-Etched - 070 - JPN Alternate Art)";"";"";"STX";"Rare (FOIL)";"0";""
"ukjent";"Gods Willing (foil)";"";"";"STX";"Rare (FOIL)";"0";""
"ukjent";"Godsend";"";"";"JMP";"Jumpstart";"0";""
"ukjent";"Godzilla, King of Monsters (foil)";"";"";"IKO";"Mythic (FOIL)";"0";""
"ukjent";"Gold Myr";"";"";"NEO";"Commander";"0";""
"ukjent";"Goldspan Dragon";"";"";"CMB1";"Mythic";"0";""
"ukjent";"Golgari Signet";"";"";"GRN";"Guild Kits";"0";""
"ukjent";"Golgari Thug";"";"";"CMB1";"Uncommon";"0";""
"ukjent";"Gonti, Lord of Luxury";"";"";"CMB1";"Rare";"0";""
"ukjent";"Gonti, Lord of Luxury";"";"";"OTJ";"Commander";"0";""
"ukjent";"Gonti, Lord of Luxury";"";"";"ZNR";"Commander";"0";""
"ukjent";"Goreclaw, Terror of Qal Sisma (foil)";"";"";"MOM";"Multiverse Legends (FOIL)";"0";""
"ukjent";"Gorex, the Tombshell";"";"";"JMP";"Jumpstart";"0";""
"ukjent";"Goro-Goro and Satoru (Showcase Foil)";"";"";"MOM";"Commander";"0";""
"ukjent";"Grand Arbiter Augustin IV";"";"";"CMB1";"Rare";"0";""
"ukjent";"Grapeshot";"";"";"STX";"Rare";"0";""
"ukjent";"Grapeshot (foil)";"";"";"STX";"Rare (FOIL)";"0";""
"ukjent";"Grasp of Fate (0003) (Foil)";"";"";"WOE";"Enchanting Tales (FOIL)";"0";""
"ukjent";"Grave Pact (0029) (Foil)";"";"";"WOE";"Enchanting Tales (FOIL)";"0";""
"ukjent";"Grave Pact (0073 - Anime) (Foil)";"";"";"WOE";"Enchanting Tales (FOIL)";"0";""
"ukjent";"Grave Titan";"";"";"CMB1";"Mythic";"0";""
"ukjent";"Gravecrawler";"";"";"CMB1";"Rare";"0";""
"ukjent";"Gray Merchant of Asphodel";"";"";"SPG";"Special";"0";""
"ukjent";"Great Furnace (Non-Foil, Mirrodin)";"";"";"CMB1";"Common";"0";""
"ukjent";"Greater Auramancy (0004) (Foil)";"";"";"WOE";"Enchanting Tales (FOIL)";"0";""
"ukjent";"Greater Auramancy (0064 - Anime) (Foil)";"";"";"WOE";"Enchanting Tales (FOIL)";"0";""
"ukjent";"Greenbelt Rampager";"";"";"CMB1";"Rare";"0";""
"ukjent";"Grenzo, Dungeon Warden";"";"";"CMB1";"Rare";"0";""
"ukjent";"Grenzo, Dungeon Warden";"";"";"SPG";"Special";"0";""
"ukjent";"Griffin Aerie (0005) (Foil)";"";"";"WOE";"Enchanting Tales (FOIL)";"0";""
"ukjent";"Grim Backwoods";"";"";"DSK";"Commander";"0";""
"ukjent";"Grim Giganotosaurus (Borderless)";"";"";"LCI";"Rare";"0";""
"ukjent";"Grim Giganotosaurus (Borderless) (Foil)";"";"";"LCI";"Rare (FOIL)";"0";""
"ukjent";"Grimgrin, Corpse-Born (foil)";"";"";"MOM";"Multiverse Legends (FOIL)";"0";""
"ukjent";"Ground Seal (0054) (Foil)";"";"";"WOE";"Enchanting Tales (FOIL)";"0";""
"ukjent";"Groundbreaker";"";"";"CMB1";"Rare";"0";""
"ukjent";"Grove of the Burnwillows";"";"";"PUMA";"Box Topper";"0";""
"ukjent";"Grove of the Burnwillows (foil)";"";"";"ZNR";"Box Topper (FOIL)";"0";""
"ukjent";"Growth Spiral";"";"";"STX";"Rare";"0";""
"ukjent";"Growth Spiral (foil)";"";"";"STX";"Rare (FOIL)";"0";""
"ukjent";"Gruul Guildgate 249A (foil)";"";"";"RNA";"Common (FOIL)";"0";""
"ukjent";"Gruul Guildgate 250B (foil)";"";"";"RNA";"Common (FOIL)";"0";""
"ukjent";"Gruul Turf";"";"";"NEO";"Commander";"0";""
"ukjent";"Guardian Scalelord";"";"";"MOM";"Rare";"0";""
"ukjent";"Guardian Scalelord (Extended Art)";"";"";"MOM";"Rare";"0";""
"ukjent";"Guardian Scalelord (Extended Art)";"";"";"MOM";"Commander";"0";""
"ukjent";"Guardian Scalelord (Extended Art) (foil)";"";"";"MOM";"Rare (FOIL)";"0";""
"ukjent";"Guardian Scalelord (foil)";"";"";"MOM";"Rare (FOIL)";"0";""
"ukjent";"Gurmag Angler";"";"";"CMB1";"Common";"0";""
"ukjent";"Gutter Grime";"";"";"CMB1";"Rare";"0";""
"ukjent";"Guul Draz Assassin";"";"";"CMB1";"Rare";"0";""
"ukjent";"Gyre Sage";"";"";"MID";"Commander";"0";""
"ukjent";"Gyre Sage (Guild Kit)";"";"";"RNA";"Rare";"0";""
"ukjent";"Gyruda, Doom of Depths (foil)";"";"";"MOM";"Multiverse Legends (FOIL)";"0";""
"ukjent";"Hakbal of the Surging Soul (Foil)";"";"";"LCI";"Commander";"0";""
"ukjent";"Hakbal of the Surging Soul (Showcase) (Foil)";"";"";"LCI";"Commander";"0";""
"ukjent";"Hall of the Bandit Lord";"";"";"CMB1";"Rare";"0";""
"ukjent";"Hallowed Spiritkeeper";"";"";"VOW";"Commander";"0";""
"ukjent";"Hammer of Purphoros";"";"";"CMB1";"Rare";"0";""
"ukjent";"Harbinger of the Seas";"";"";"SPM";"Eternal Legal";"0";""
"ukjent";"Hardened Scales";"";"";"LCI";"Commander";"0";""
"ukjent";"Hardened Scales (0055) (Foil)";"";"";"WOE";"Enchanting Tales (FOIL)";"0";""
"ukjent";"Harmonize";"";"";"STX";"Rare";"0";""
"ukjent";"Harmonize (Foil-Etched - 115 - JPN Alternate Art)";"";"";"STX";"Rare (FOIL)";"0";""
"ukjent";"Harmonize (foil)";"";"";"STX";"Rare (FOIL)";"0";""
"ukjent";"Harvest Season";"";"";"KHM";"Commander";"0";""
"ukjent";"Harvester of Souls";"";"";"SPG";"Special";"0";""
"ukjent";"Hatching Plans (0020) (Foil)";"";"";"WOE";"Enchanting Tales (FOIL)";"0";""
"ukjent";"Haunted Library";"";"";"VOW";"Commander";"0";""
"ukjent";"Haunted Library (Extended Art)";"";"";"VOW";"Commander";"0";""
"ukjent";"Haunting Imitation";"";"";"VOW";"Commander";"0";""
"ukjent";"Haunting Imitation (Extended Art)";"";"";"VOW";"Commander";"0";""
"ukjent";"Hazezon, Shaper of Sand";"";"";"OTJ";"Commander";"0";""
"ukjent";"Hazezon, Shaper of Sand (foil)";"";"";"DMU";"Commander";"0";""
"ukjent";"Healing Technique (Extended Art)";"";"";"CMR";"Rare";"0";""
"ukjent";"Heartless Hidetsugu";"";"";"CMB1";"Rare";"0";""
"ukjent";"Heartwood Storyteller";"";"";"CMB1";"Rare";"0";""
"ukjent";"Hedron Archive";"";"";"SPG";"Special";"0";""
"ukjent";"Hedron Crab";"";"";"CMB1";"Uncommon";"0";""
"ukjent";"Helm of the Host (Dominaria)";"";"";"CMB1";"Rare";"0";""
"ukjent";"Helvault";"";"";"CMB1";"Mythic";"0";""
"ukjent";"Hengegate Pathway (Foil)";"";"";"SLD";"Secret Lair";"0";""
"ukjent";"Henry Wu, InGen Geneticist (Borderless)";"";"";"LCI";"Rare";"0";""
"ukjent";"Henry Wu, InGen Geneticist (Borderless) (Foil)";"";"";"LCI";"Rare (FOIL)";"0";""
"ukjent";"Herald of War";"";"";"MID";"Commander";"0";""
"ukjent";"Herald's Horn";"";"";"CMB1";"Uncommon";"0";""
"ukjent";"Here Comes a New Hero!";"";"";"TMT";"Eternal Legal";"0";""
"ukjent";"Heroic Intervention (0079)";"";"";"SPM";"Eternal Legal";"0";""
"ukjent";"Heronblade Elite";"";"";"MID";"Commander";"0";""
"ukjent";"Hexplate Wallbreaker";"";"";"ONE";"Commander";"0";""
"ukjent";"Hidetsugu's Second Rite";"";"";"CMB1";"Rare";"0";""
"ukjent";"High Alert";"";"";"CMB1";"Uncommon";"0";""
"ukjent";"High Market (Mercadian Masques)";"";"";"CMB1";"Rare";"0";""
"ukjent";"Historian's Boon";"";"";"DMU";"Commander";"0";""
"ukjent";"Historian's Boon (foil)";"";"";"DMU";"Commander";"0";""
"ukjent";"Hokori, Dust Drinker";"";"";"CMB1";"Rare";"0";""
"ukjent";"Hollow One";"";"";"SPG";"Special";"0";""
"ukjent";"Hollowhenge Overlord";"";"";"VOW";"Commander";"0";""
"ukjent";"Hollowhenge Overlord (Extended Art)";"";"";"VOW";"Commander";"0";""
"ukjent";"Homungulus (foil)";"";"";"RNA";"Common (FOIL)";"0";""
"ukjent";"Honden of Infinite Rage";"";"";"CMB1";"Uncommon";"0";""
"ukjent";"Honden of Seeing Winds";"";"";"CMB1";"Uncommon";"0";""
"ukjent";"Hooded Blightfang";"";"";"JMP";"Jumpstart";"0";""
"ukjent";"Hordewing Skaab";"";"";"MID";"Commander";"0";""
"ukjent";"Hordewing Skaab (Extended Art)";"";"";"MID";"Commander";"0";""
"ukjent";"Horizon Canopy";"";"";"PUMA";"Box Topper";"0";""
"ukjent";"Horizon Canopy (foil)";"";"";"ZNR";"Box Topper (FOIL)";"0";""
"ukjent";"Hornet Nest";"";"";"CMB1";"Rare";"0";""
"ukjent";"Horobi, Death's Wail (foil)";"";"";"MOM";"Multiverse Legends (FOIL)";"0";""
"ukjent";"Hostage Taker";"";"";"OTJ";"Commander";"0";""
"ukjent";"Hour of Promise";"";"";"OTJ";"Commander";"0";""
"ukjent";"Hour of Reckoning";"";"";"MID";"Commander";"0";""
"ukjent";"Hour of Revelation";"";"";"ZNR";"Commander";"0";""
"ukjent";"Howling Mine";"";"";"CMB1";"Rare";"0";""
"ukjent";"Howling Mine (foil)";"";"";"BRO";"Retro Artifacts (FOIL)";"0";""
"ukjent";"Howling Mine (Schematic Art) (foil)";"";"";"BRO";"Retro Artifacts (FOIL)";"0";""
"ukjent";"Hua Tuo, Honored Physician";"";"";"CMB1";"Rare";"0";""
"ukjent";"Hunter's Insight";"";"";"NEO";"Commander";"0";""
"ukjent";"Hunter's Insight";"";"";"SPM";"Eternal Legal";"0";""
"ukjent";"Hunting Velociraptor (Borderless)";"";"";"LCI";"Rare";"0";""
"ukjent";"Hunting Velociraptor (Borderless) (Foil)";"";"";"LCI";"Rare (FOIL)";"0";""
"ukjent";"Hurkyl's Recall (Modern Masters 2015)";"";"";"CMB1";"Rare";"0";""
"ukjent";"Hurricane";"";"";"CMB1";"Rare";"0";""
"ukjent";"Hydra Broodmaster";"";"";"MH3";"Commander";"0";""
"ukjent";"Hydroid Krasis";"";"";"MH3";"Commander";"0";""
"ukjent";"Hymn to Tourach";"";"";"CMB1";"Uncommon";"0";""
"ukjent";"Hypnotic Specter";"";"";"CMB1";"Rare";"0";""
"ukjent";"Haakon, Stromgald Scourge";"";"";"CMB1";"Rare";"0";""
"ukjent";"Ian Malcolm, Chaotician (Borderless)";"";"";"LCI";"Rare";"0";""
"ukjent";"Ian Malcolm, Chaotician (Borderless) (Foil)";"";"";"LCI";"Rare (FOIL)";"0";""
"ukjent";"Ib Halfheart, Goblin Tactician";"";"";"CMB1";"Rare";"0";""
"ukjent";"Ichor Wellspring (foil)";"";"";"BRO";"Retro Artifacts (FOIL)";"0";""
"ukjent";"Ichor Wellspring (Schematic Art) (foil)";"";"";"BRO";"Retro Artifacts (FOIL)";"0";""
"ukjent";"Illusionist's Gambit";"";"";"BLB";"Commander";"0";""
"ukjent";"Impact Tremors";"";"";"CMB1";"Common";"0";""
"ukjent";"Impact Tremors (0044) (Foil)";"";"";"WOE";"Enchanting Tales (FOIL)";"0";""
"ukjent";"Imperious Mindbreaker";"";"";"VOW";"Commander";"0";""
"ukjent";"Imperious Mindbreaker";"";"";"VOW";"Commander";"0";""
"ukjent";"Imperious Mindbreaker (Extended Art)";"";"";"VOW";"Commander";"0";""
"ukjent";"Imperious Perfect";"";"";"KHM";"Commander";"0";""
"ukjent";"Imposing Grandeur";"";"";"VOW";"Commander";"0";""
"ukjent";"Imprisoned in the Moon";"";"";"VOW";"Commander";"0";""
"ukjent";"In Garruk's Wake";"";"";"ZNR";"Commander";"0";""
"ukjent";"Increasing Vengeance";"";"";"STX";"Mythic";"0";""
"ukjent";"Increasing Vengeance (foil)";"";"";"STX";"Mythic (FOIL)";"0";""
"ukjent";"Indominus Rex, Alpha (Borderless)";"";"";"LCI";"Rare";"0";""
"ukjent";"Indominus Rex, Alpha (Borderless) (Foil)";"";"";"LCI";"Rare (FOIL)";"0";""
"ukjent";"Indomitable Archangel";"";"";"NEO";"Commander";"0";""
"ukjent";"Indoraptor, the Perfect Hybrid (Borderless)";"";"";"LCI";"Rare";"0";""
"ukjent";"Indoraptor, the Perfect Hybrid (Borderless) (Foil)";"";"";"LCI";"Rare (FOIL)";"0";""
"ukjent";"Infernal Sovereign";"";"";"MOM";"Commander";"0";""
"ukjent";"Infernal Sovereign (Extended Art)";"";"";"MOM";"Commander";"0";""
"ukjent";"Infuriate (Foil-Etched - 104 - JPN Alternate Art)";"";"";"STX";"Uncommon (FOIL)";"0";""
"ukjent";"Infuriate (foil)";"";"";"STX";"Uncommon (FOIL)";"0";""
"ukjent";"Inkshield (Extended Art)";"";"";"CMR";"Rare";"0";""
"ukjent";"Inquisition of Kozilek";"";"";"STX";"Rare";"0";""
"ukjent";"Inquisition of Kozilek (foil)";"";"";"STX";"Rare (FOIL)";"0";""
"ukjent";"Inspired Sphinx";"";"";"KHM";"Commander";"0";""
"ukjent";"Inspiring Statuary";"";"";"MKM";"Commander";"0";""
"ukjent";"Inspiring Statuary (foil)";"";"";"BRO";"Retro Artifacts (FOIL)";"0";""
"ukjent";"Inspiring Statuary (Schematic Art) (foil)";"";"";"BRO";"Retro Artifacts (FOIL)";"0";""
"ukjent";"Insurrection";"";"";"TLA";"Eternal-Legal";"0";""
"ukjent";"Intangible Virtue (0006) (Foil)";"";"";"WOE";"Enchanting Tales (FOIL)";"0";""
"ukjent";"Into the Pit";"";"";"DSK";"Commander";"0";""
"ukjent";"Intruder Alarm";"";"";"TLA";"Eternal-Legal";"0";""
"ukjent";"Intruder Alarm (0021) (Foil)";"";"";"WOE";"Enchanting Tales (FOIL)";"0";""
"ukjent";"Invisible Stalker";"";"";"CMB1";"Uncommon";"0";""
"ukjent";"Invisible Stalker";"";"";"ZNR";"Commander";"0";""
"ukjent";"Isamaru, Hound of Konda (Foil)";"";"";"CMB1";"Rare";"0";""
"ukjent";"Isperia, Supreme Judge (Foil)";"";"";"RNA";"Guild Kits";"0";""
"ukjent";"Ivory Tower (foil)";"";"";"BRO";"Retro Artifacts (FOIL)";"0";""
"ukjent";"Ivory Tower (Schematic Art) (foil)";"";"";"BRO";"Retro Artifacts (FOIL)";"0";""
"ukjent";"Ixhel, Scion of Atraxa (Foil)";"";"";"ONE";"Commander";"0";""
"ukjent";"Ixidor, Reality Sculptor";"";"";"CMB1";"Rare";"0";""
"ukjent";"Jace, Architect of Thought";"";"";"NEO";"Commander";"0";""
"ukjent";"Jace, Wielder of Mysteries";"";"";"CMB1";"Rare";"0";""
"ukjent";"Jalum Tome (foil)";"";"";"BRO";"Retro Artifacts (FOIL)";"0";""
"ukjent";"Jalum Tome (Schematic Art) (foil)";"";"";"BRO";"Retro Artifacts (FOIL)";"0";""
"ukjent";"Jarad, Golgari Lich Lord";"";"";"GRN";"Guild Kits";"0";""
"ukjent";"Jared Carthalion";"";"";"DMU";"Commander";"0";""
"ukjent";"Jasmine Boreal";"";"";"SPG";"Special";"0";""
"ukjent";"Jasmine Boreal of the Seven (foil)";"";"";"DMU";"Commander";"0";""
"ukjent";"Jedit Ojanen of Efrava (Planar Chaos)";"";"";"CMB1";"Rare";"0";""
"ukjent";"Jedit Ojanen, Mercenary (foil)";"";"";"DMU";"Commander";"0";""
"ukjent";"Jegantha, the Wellspring (foil)";"";"";"MOM";"Multiverse Legends (FOIL)";"0";""
"ukjent";"Jenson Carthalion, Druid Exile";"";"";"DMU";"Commander";"0";""
"ukjent";"Jeska's Will";"";"";"SOS";"Mystical Archive";"0";""
"ukjent";"Jin-Gitaxias, Core Augur";"";"";"CMB1";"Mythic";"0";""
"ukjent";"Jin-Gitaxias, Core Augur (foil)";"";"";"MOM";"Multiverse Legends (FOIL)";"0";""
"ukjent";"Jin-Gitaxias, Progress Tyrant (513 - Concept Praetor)";"";"";"ONE";"Mythic";"0";""
"ukjent";"Jinxed Ring (Stronghold)";"";"";"CMB1";"Uncommon";"0";""
"ukjent";"Johira's Timebug";"";"";"TSP";"Common";"0";""
"ukjent";"Jolrael, Voice of Zhalfir (Buy-a-Box Foil)";"";"";"MOM";"Rare (FOIL)";"0";""
"ukjent";"Journeyer's Kite (foil)";"";"";"BRO";"Retro Artifacts (FOIL)";"0";""
"ukjent";"Journeyer's Kite (Schematic Art) (foil)";"";"";"BRO";"Retro Artifacts (FOIL)";"0";""
"ukjent";"Judith, the Scourge Diva (foil)";"";"";"MOM";"Multiverse Legends (FOIL)";"0";""
"ukjent";"Jungle Shrine";"";"";"MOM";"Commander";"0";""
"ukjent";"Juri, Master of the Revue (foil)";"";"";"MOM";"Multiverse Legends (FOIL)";"0";""
"ukjent";"Jushi Apprentice";"";"";"CMB1";"Rare";"0";""
"ukjent";"Jyoti, Moag Ancient (Foil)";"";"";"MH3";"Commander";"0";""
"ukjent";"Jyoti, Moag Ancient (Foil)";"";"";"MH3";"Commander";"0";""
"ukjent";"Kaheera, the Orphanguard (foil)";"";"";"MOM";"Multiverse Legends (FOIL)";"0";""
"ukjent";"Kalonian Hydra";"";"";"CMB1";"Mythic";"0";""
"ukjent";"Kamber, the Plunderer";"";"";"VOW";"Commander";"0";""
"ukjent";"Kami of the Crescent Moon";"";"";"VOW";"Commander";"0";""
"ukjent";"Karmic Guide";"";"";"VOW";"Commander";"0";""
"ukjent";"Karmic Justice (0007) (Foil)";"";"";"WOE";"Enchanting Tales (FOIL)";"0";""
"ukjent";"Karmic Justice (0065 - Anime) (Foil)";"";"";"WOE";"Enchanting Tales (FOIL)";"0";""
"ukjent";"Karn, Legacy Reforged";"";"";"MOM";"Aftermath";"0";""
"ukjent";"Karoo (Visions)";"";"";"CMB1";"Uncommon";"0";""
"ukjent";"Kaust, Eyes of the Glade (Extended Art, Foil)";"";"";"MKM";"Commander";"0";""
"ukjent";"Kederekt Parasite";"";"";"CMB1";"Rare";"0";""
"ukjent";"Keening Stone (foil)";"";"";"BRO";"Retro Artifacts (FOIL)";"0";""
"ukjent";"Keening Stone (Schematic Art) (foil)";"";"";"BRO";"Retro Artifacts (FOIL)";"0";""
"ukjent";"Kenrith, the Returned King (foil)";"";"";"MOM";"Multiverse Legends (FOIL)";"0";""
"ukjent";"Kenrith, the Returned King (Throne of Eldraine)";"";"";"CMB1";"Mythic";"0";""
"ukjent";"Keruga, the Macrosage (foil)";"";"";"MOM";"Multiverse Legends (FOIL)";"0";""
"ukjent";"Kessig Cagebreakers";"";"";"MID";"Commander";"0";""
"ukjent";"Kessig Wolf Run";"";"";"LCI";"Commander";"0";""
"ukjent";"Key to the City (foil)";"";"";"BRO";"Retro Artifacts (FOIL)";"0";""
"ukjent";"Key to the City (Schematic Art) (foil)";"";"";"BRO";"Retro Artifacts (FOIL)";"0";""
"ukjent";"Khalni Heart Expedition";"";"";"CMB1";"Common";"0";""
"ukjent";"Khalni Heart Expedition";"";"";"ZNR";"Commander";"0";""
"ukjent";"Kianne, Corrupted Memory (Borderless)";"";"";"DSK";"Commander";"0";""
"ukjent";"Kiki-Jiki, Mirror Breaker";"";"";"SPG";"Special";"0";""
"ukjent";"Kiki-Jiki, Mirror Breaker (Modern Masters 2015)";"";"";"CMB1";"Mythic";"0";""
"ukjent";"Kilnmouth Dragon";"";"";"CMB1";"Rare";"0";""
"ukjent";"Kindred Discovery";"";"";"CMB1";"Rare";"0";""
"ukjent";"Kindred Discovery (0022) (Foil)";"";"";"WOE";"Enchanting Tales (FOIL)";"0";""
"ukjent";"Kindred Discovery (0069 - Anime) (Foil)";"";"";"WOE";"Enchanting Tales (FOIL)";"0";""
"ukjent";"Kinjalli's Sunwing";"";"";"LCI";"Commander";"0";""
"ukjent";"Knight of the Reliquary";"";"";"SPG";"Special";"0";""
"ukjent";"Knight of the White Orchid";"";"";"MID";"Commander";"0";""
"ukjent";"Knight of the White Orchid";"";"";"VOW";"Commander";"0";""
"ukjent";"Knightly Valor (0008) (Foil)";"";"";"WOE";"Enchanting Tales (FOIL)";"0";""
"ukjent";"Knights' Charge";"";"";"MOM";"Commander";"0";""
"ukjent";"Knollspine Dragon";"";"";"CMB1";"Rare";"0";""
"ukjent";"Knowledge Pool (Foil)";"";"";"CMB1";"Rare";"0";""
"ukjent";"Kodama's Reach";"";"";"OTJ";"Commander";"0";""
"ukjent";"Kolaghan's Command";"";"";"CMB1";"Rare";"0";""
"ukjent";"Koma, Cosmos Serpent";"";"";"MKM";"Commander";"0";""
"ukjent";"Kopala, Warden of Waves";"";"";"LCI";"Commander";"0";""
"ukjent";"Korvold, Fae-Cursed King";"";"";"CMB1";"Mythic";"0";""
"ukjent";"Kotori, Pilot Prodigy (foil)";"";"";"NEO";"Commander";"0";""
"ukjent";"Kozilek, Butcher of Truth";"";"";"CMB1";"Mythic";"0";""
"ukjent";"Krang, the All-Powerful";"";"";"TMT";"Eternal Legal";"0";""
"ukjent";"Krark's Thumb";"";"";"CMB1";"Rare";"0";""
"ukjent";"Krenko, Mob Boss";"";"";"CMB1";"Rare";"0";""
"ukjent";"Krenko, Tin Street Kingpin";"";"";"CMB1";"Rare";"0";""
"ukjent";"Krosan Grip";"";"";"STX";"Rare";"0";""
"ukjent";"Krosan Grip (foil)";"";"";"STX";"Rare (FOIL)";"0";""
"ukjent";"Kroxa, Titan of Death's Hunger (foil)";"";"";"MOM";"Multiverse Legends (FOIL)";"0";""
"ukjent";"Kruphix, God of Horizons";"";"";"CMB1";"Mythic";"0";""
"ukjent";"Kuldotha Rebirth";"";"";"CMB1";"Common";"0";""
"ukjent";"Kulrath Knight";"";"";"CMB1";"Uncommon";"0";""
"ukjent";"Kumena, Tyrant of Orazca";"";"";"LCI";"Commander";"0";""
"ukjent";"Kurbis, Harvest Celebrant";"";"";"MID";"Commander";"0";""
"ukjent";"Kwende, Pride of Femeref (foil)";"";"";"MOM";"Multiverse Legends (FOIL)";"0";""
"ukjent";"Kyler, Sigardian Emissary";"";"";"MID";"Commander";"0";""
"ukjent";"Kyler, Sigardian Emissary (Foil)";"";"";"MID";"Commander";"0";""
"ukjent";"Kaalia of the Vast (borderless)";"";"";"PUMA";"Box Topper";"0";""
"ukjent";"Laboratory Maniac";"";"";"CMB1";"Uncommon";"0";""
"ukjent";"Land Tax";"";"";"CMB1";"Mythic";"0";""
"ukjent";"Land Tax (0009) (Foil)";"";"";"WOE";"Enchanting Tales (FOIL)";"0";""
"ukjent";"Land Tax (0066 - Anime) (Foil)";"";"";"WOE";"Enchanting Tales (FOIL)";"0";""
"ukjent";"Lathiel, the Bounteous Dawn (foil)";"";"";"MOM";"Multiverse Legends (FOIL)";"0";""
"ukjent";"Lathliss, Dragon Queen";"";"";"CMB1";"Rare";"0";""
"ukjent";"Lathril, Blade of the Elves (Foil)";"";"";"KHM";"Commander";"0";""
"ukjent";"Lava Spike";"";"";"SPG";"Special";"0";""
"ukjent";"Lazav, Dimir Mastermind";"";"";"ZNR";"Commander";"0";""
"ukjent";"Legion Sliver";"";"";"LGN";"Common";"0";""
"ukjent";"Legion Warboss";"";"";"ONE";"Commander";"0";""
"ukjent";"Leinore, Autumn Sovereign";"";"";"MID";"Commander";"0";""
"ukjent";"Leinore, Autumn Sovereign (Extended Art)";"";"";"MID";"Commander";"0";""
"ukjent";"Leinore, Autumn Sovereign (Foil)";"";"";"MID";"Commander";"0";""
"ukjent";"Leveler";"";"";"SPG";"Special";"0";""
"ukjent";"Leviathan";"";"";"SPG";"Special";"0";""
"ukjent";"Leyline Immersion";"";"";"MOM";"Aftermath";"0";""
"ukjent";"Leyline of Abundance (0056) (Foil)";"";"";"WOE";"Enchanting Tales (FOIL)";"0";""
"ukjent";"Leyline of Anticipation (0023) (Foil)";"";"";"WOE";"Enchanting Tales (FOIL)";"0";""
"ukjent";"Leyline of Lightning (0045) (Foil)";"";"";"WOE";"Enchanting Tales (FOIL)";"0";""
"ukjent";"Leyline of Sanctity (0010) (Foil)";"";"";"WOE";"Enchanting Tales (FOIL)";"0";""
"ukjent";"Leyline of the Void (0030) (Foil)";"";"";"WOE";"Enchanting Tales (FOIL)";"0";""
"ukjent";"Lich's Mirror (Foil)";"";"";"CMB1";"Mythic";"0";""
"ukjent";"Life Finds a Way (Borderless)";"";"";"LCI";"Rare";"0";""
"ukjent";"Life Finds a Way (Borderless) (Foil)";"";"";"LCI";"Rare (FOIL)";"0";""
"ukjent";"Lifecrafter's Bestiary";"";"";"LCI";"Commander";"0";""
"ukjent";"Lifecrafter's Bestiary";"";"";"MID";"Commander";"0";""
"ukjent";"Lifecrafter's Bestiary";"";"";"MKM";"Commander";"0";""
"ukjent";"Light of Promise";"";"";"SPM";"Eternal Legal";"0";""
"ukjent";"Lightning Angel";"";"";"SPG";"Special";"0";""
"ukjent";"Lightning Bolt";"";"";"STX";"Rare";"0";""
"ukjent";"Lightning Bolt (foil)";"";"";"STX";"Rare (FOIL)";"0";""
"ukjent";"Lightning Greaves (borderless)";"";"";"PUMA";"Box Topper";"0";""
"ukjent";"Lightning Greaves (Borderless)";"";"";"LCI";"Commander";"0";""
"ukjent";"Lightning Greaves (Commander 2019)";"";"";"CMB1";"Uncommon";"0";""
"ukjent";"Lightning Helix";"";"";"STX";"Rare";"0";""
"ukjent";"Lightning Helix (foil)";"";"";"STX";"Rare (FOIL)";"0";""
"ukjent";"Lightning Storm (Foil)";"";"";"CMB1";"Rare";"0";""
"ukjent";"Liliana, Death's Majesty";"";"";"CMB1";"Mythic";"0";""
"ukjent";"Liliana, Death's Majesty";"";"";"MID";"Commander";"0";""
"ukjent";"Liliana's Mastery";"";"";"MID";"Commander";"0";""
"ukjent";"Liliana's Standard Bearer";"";"";"MOM";"Commander";"0";""
"ukjent";"Liliana's Talent";"";"";"MOM";"Commander";"0";""
"ukjent";"Liliana's Triumph";"";"";"SPG";"Special";"0";""
"ukjent";"Lingering Souls";"";"";"SPG";"Special";"0";""
"ukjent";"Linvala, Shield of Sea Gate";"";"";"CMB1";"Rare";"0";""
"ukjent";"Linvala, Shield of Sea Gate (Extended Art) (foil)";"";"";"VOW";"Rare (FOIL)";"0";""
"ukjent";"Liquimetal Coating (foil)";"";"";"BRO";"Retro Artifacts (FOIL)";"0";""
"ukjent";"Liquimetal Coating (Schematic Art) (foil)";"";"";"BRO";"Retro Artifacts (FOIL)";"0";""
"ukjent";"Living Death";"";"";"CMB1";"Rare";"0";""
"ukjent";"Living End";"";"";"SOS";"Mystical Archive";"0";""
"ukjent";"Llanowar Elves";"";"";"JMP";"Jumpstart";"0";""
"ukjent";"Llanowar Reborn";"";"";"CMB1";"Uncommon";"0";""
"ukjent";"Llanowar Wastes";"";"";"OTJ";"Commander";"0";""
"ukjent";"Locthwain Lancer";"";"";"MOM";"Commander";"0";""
"ukjent";"Lodestone Golem (foil)";"";"";"BRO";"Retro Artifacts (FOIL)";"0";""
"ukjent";"Lodestone Golem (Schematic Art) (foil)";"";"";"BRO";"Retro Artifacts (FOIL)";"0";""
"ukjent";"Lolth, Spider Queen";"";"";"CMB1";"Mythic";"0";""
"ukjent";"Lotus Petal";"";"";"CMB1";"Common";"0";""
"ukjent";"Loxodon Warhammer";"";"";"CMB1";"Uncommon";"0";""
"ukjent";"Loyal Apprentice";"";"";"CMB1";"Uncommon";"0";""
"ukjent";"Lurrus of the Dream-Den (foil)";"";"";"MOM";"Multiverse Legends (FOIL)";"0";""
"ukjent";"Lutri, the Spellchaser (foil)";"";"";"MOM";"Multiverse Legends (FOIL)";"0";""
"ukjent";"Luxury Suite";"";"";"PUMA";"Box Topper";"0";""
"ukjent";"Luxury Suite (foil)";"";"";"ZNR";"Box Topper (FOIL)";"0";""
"ukjent";"Lynde, Cheerful Tormentor";"";"";"MID";"Commander";"0";""
"ukjent";"Maelstrom Archangel";"";"";"CMB1";"Mythic";"0";""
"ukjent";"Maelstrom Nexus (Foil)";"";"";"CMB1";"Mythic";"0";""
"ukjent";"Maelstrom Nexus (Non-Foil)";"";"";"CMB1";"Mythic";"0";""
"ukjent";"Maelstrom Wanderer";"";"";"HOP";"Planechase";"0";""
"ukjent";"Magus of the Candelabra";"";"";"MH3";"Commander";"0";""
"ukjent";"Magus of the Vineyard (Future Sight)";"";"";"CMB1";"Rare";"0";""
"ukjent";"Malakir Bloodwitch";"";"";"VOW";"Commander";"0";""
"ukjent";"Malignus";"";"";"CMB1";"Mythic";"0";""
"ukjent";"Mana Crypt";"";"";"CMB1";"Mythic";"0";""
"ukjent";"Mana Flare (0046) (Foil)";"";"";"WOE";"Enchanting Tales (FOIL)";"0";""
"ukjent";"Mana Tithe";"";"";"STX";"Rare";"0";""
"ukjent";"Mana Tithe (foil)";"";"";"STX";"Rare (FOIL)";"0";""
"ukjent";"Managorger Hydra";"";"";"BLB";"Commander";"0";""
"ukjent";"Manamorphose";"";"";"CMB1";"Common";"0";""
"ukjent";"Mangara, the Diplomat";"";"";"BLB";"Commander";"0";""
"ukjent";"Manifold Key";"";"";"SPG";"Special";"0";""
"ukjent";"March from Velis Vel";"";"";"MH3";"Commander";"0";""
"ukjent";"March of the Canonized (Extended Art)";"";"";"LCI";"Commander";"0";""
"ukjent";"March of the Machines (Mirrodin)";"";"";"CMB1";"Rare";"0";""
"ukjent";"Markov Enforcer";"";"";"VOW";"Commander";"0";""
"ukjent";"Marrow-Gnawer (Foil)";"";"";"CMB1";"Rare";"0";""
"ukjent";"Marsh Flats";"";"";"PUMA";"Box Topper";"0";""
"ukjent";"Marsh Flats (foil)";"";"";"ZNR";"Box Topper (FOIL)";"0";""
"ukjent";"Martyr's Bond";"";"";"CMB1";"Rare";"0";""
"ukjent";"Marwyn, the Nurturer";"";"";"KHM";"Commander";"0";""
"ukjent";"Masked Admirers";"";"";"KHM";"Commander";"0";""
"ukjent";"Mass Hysteria";"";"";"CMB1";"Rare";"0";""
"ukjent";"Massacre Girl (Elektra, Deadly Assassin)";"";"";"SPM";"Eternal Legal";"0";""
"ukjent";"Master of Cruelties";"";"";"CMB1";"Mythic";"0";""
"ukjent";"Master of the Wild Hunt";"";"";"CMB1";"Mythic";"0";""
"ukjent";"Master Transmuter";"";"";"CMB1";"Rare";"0";""
"ukjent";"Mazemind Tome (foil)";"";"";"BRO";"Retro Artifacts (FOIL)";"0";""
"ukjent";"Mazemind Tome (Schematic Art) (foil)";"";"";"BRO";"Retro Artifacts (FOIL)";"0";""
"ukjent";"Meandering Towershell";"";"";"CMB1";"Rare";"0";""
"ukjent";"Meddling Mage";"";"";"CMB1";"Rare";"0";""
"ukjent";"Meddling Mage (borderless)";"";"";"PUMA";"Box Topper";"0";""
"ukjent";"Memnite";"";"";"CMB1";"Uncommon";"0";""
"ukjent";"Memnite (Scars of Mirrodin, Foil)";"";"";"CMB1";"Uncommon";"0";""
"ukjent";"Memory Erosion";"";"";"CMB1";"Rare";"0";""
"ukjent";"Memory Lapse";"";"";"STX";"Rare";"0";""
"ukjent";"Memory Lapse (foil)";"";"";"STX";"Rare (FOIL)";"0";""
"ukjent";"Mentor of the Meek";"";"";"CMB1";"Uncommon";"0";""
"ukjent";"Mentor of the Meek";"";"";"VOW";"Commander";"0";""
"ukjent";"Merciless Eviction";"";"";"DMU";"Commander";"0";""
"ukjent";"Merciless Eviction";"";"";"ONE";"Commander";"0";""
"ukjent";"Meren of Clan Nel Toth";"";"";"CMB1";"Mythic";"0";""
"ukjent";"Merieke Ri Berit";"";"";"SPG";"Special";"0";""
"ukjent";"Mesmeric Orb (foil)";"";"";"BRO";"Retro Artifacts (FOIL)";"0";""
"ukjent";"Metallic Mimic";"";"";"TMT";"Source Material Cards";"0";""
"ukjent";"Metropolis Reformer";"";"";"MOM";"Aftermath";"0";""
"ukjent";"Miara, Thorn of the Glade";"";"";"KHM";"Commander";"0";""
"ukjent";"Michiko Konda, Truth Seeker";"";"";"CMB1";"Rare";"0";""
"ukjent";"Midnight Arsonist";"";"";"VOW";"Commander";"0";""
"ukjent";"Midnight Clock";"";"";"VOW";"Commander";"0";""
"ukjent";"Midnight Reaper";"";"";"MID";"Commander";"0";""
"ukjent";"Mikaeus, the Lunarch";"";"";"MID";"Commander";"0";""
"ukjent";"Millicent, Restless Revenant";"";"";"VOW";"Commander";"0";""
"ukjent";"Millicent, Restless Revenant (Foil)";"";"";"VOW";"Commander";"0";""
"ukjent";"Millstone (foil)";"";"";"BRO";"Retro Artifacts (FOIL)";"0";""
"ukjent";"Millstone (Schematic Art) (foil)";"";"";"BRO";"Retro Artifacts (FOIL)";"0";""
"ukjent";"Mimic Vat";"";"";"CMB1";"Rare";"0";""
"ukjent";"Mimic Vat (Borderless)";"";"";"LCI";"Commander";"0";""
"ukjent";"Mina and Denn, Wildborn";"";"";"ZNR";"Commander";"0";""
"ukjent";"Mind Funeral";"";"";"CMB1";"Uncommon";"0";""
"ukjent";"Mind Spring";"";"";"CMB1";"Rare";"0";""
"ukjent";"Mind's Desire";"";"";"STX";"Mythic";"0";""
"ukjent";"Mind's Desire (Foil-Etched - 080 - JPN Alternate Art)";"";"";"STX";"Mythic (FOIL)";"0";""
"ukjent";"Mind's Desire (foil)";"";"";"STX";"Mythic (FOIL)";"0";""
"ukjent";"Mind's Dilation";"";"";"OTJ";"Commander";"0";""
"ukjent";"Mind's Eye (foil)";"";"";"BRO";"Retro Artifacts (FOIL)";"0";""
"ukjent";"Mindslaver (Foil)";"";"";"CMB1";"Rare";"0";""
"ukjent";"Mirage Mirror";"";"";"MH3";"Commander";"0";""
"ukjent";"Mirage Mirror";"";"";"NEO";"Commander";"0";""
"ukjent";"Mirage Phalanx";"";"";"VOW";"Commander";"0";""
"ukjent";"Mirari";"";"";"SPG";"Special";"0";""
"ukjent";"Mirrodin Besieged (Modern Horizons)";"";"";"CMB1";"Rare";"0";""
"ukjent";"Mirror Entity";"";"";"CMB1";"Rare";"0";""
"ukjent";"Mirror Entity";"";"";"SPG";"Special";"0";""
"ukjent";"Mirror Entity";"";"";"VOW";"Commander";"0";""
"ukjent";"Mirror Gallery";"";"";"CMB1";"Rare";"0";""
"ukjent";"Mirror of Forebears";"";"";"C17";"Uncommon";"0";""
"ukjent";"Misdirection";"";"";"CMB1";"Rare";"0";""
"ukjent";"Mishra, Eminent One";"";"";"BRO";"Commander";"0";""
"ukjent";"Mishra's Bauble";"";"";"CMB1";"Uncommon";"0";""
"ukjent";"Mishra's Bauble (foil)";"";"";"BRO";"Retro Artifacts (FOIL)";"0";""
"ukjent";"Mishra's Bauble (Schematic Art) (foil)";"";"";"BRO";"Retro Artifacts (FOIL)";"0";""
"ukjent";"Mist-Syndicate Hydra (foil)";"";"";"MH1";"Rare (FOIL)";"0";""
"ukjent";"Misthollow Griffin (Foil)";"";"";"CMB1";"Mythic";"0";""
"ukjent";"Mistvault Bridge";"";"";"BRO";"Commander";"0";""
"ukjent";"Misty Rainforest";"";"";"PUMA";"Box Topper";"0";""
"ukjent";"Mizzium Mortars";"";"";"GRN";"Guild Kits";"0";""
"ukjent";"Mizzix's Mastery";"";"";"CMB1";"Rare";"0";""
"ukjent";"Mizzix's Mastery";"";"";"STX";"Mythic";"0";""
"ukjent";"Mizzix's Mastery (foil)";"";"";"STX";"Mythic (FOIL)";"0";""
"ukjent";"Mob Rule";"";"";"VOW";"Commander";"0";""
"ukjent";"Mob Verdict (Extended Art)";"";"";"MKM";"Commander";"0";""
"ukjent";"Moldervine Reclamation";"";"";"CMB1";"Uncommon";"0";""
"ukjent";"Moldervine Reclamation";"";"";"KHM";"Commander";"0";""
"ukjent";"Moldgraf Monstrosity";"";"";"DSK";"Commander";"0";""
"ukjent";"Mole Module";"";"";"TMT";"Eternal Legal";"0";""
"ukjent";"Molten Echoes";"";"";"VOW";"Commander";"0";""
"ukjent";"Molten Psyche";"";"";"CMB1";"Rare";"0";""
"ukjent";"Molten Rain";"";"";"SPG";"Special";"0";""
"ukjent";"Monastery Swiftspear";"";"";"CMB1";"Uncommon";"0";""
"ukjent";"Monastery Swiftspear";"";"";"SPG";"Special";"0";""
"ukjent";"Monologue Tax";"";"";"CMB1";"Rare";"0";""
"ukjent";"Moonlace";"";"";"CMB1";"Rare";"0";""
"ukjent";"Moorland Haunt";"";"";"VOW";"Commander";"0";""
"ukjent";"Moorland Rescuer";"";"";"MID";"Commander";"0";""
"ukjent";"Morophon, the Boundless";"";"";"CMB1";"Mythic";"0";""
"ukjent";"Morphic Pool";"";"";"PUMA";"Box Topper";"0";""
"ukjent";"Morphic Pool (foil)";"";"";"ZNR";"Box Topper (FOIL)";"0";""
"ukjent";"Mortify";"";"";"CMB1";"Uncommon";"0";""
"ukjent";"Mortify";"";"";"SPG";"Special";"0";""
"ukjent";"Mossfire Valley";"";"";"NEO";"Commander";"0";""
"ukjent";"Mother of Runes";"";"";"CMB1";"Uncommon";"0";""
"ukjent";"Mouth of Ronom (0370 - Redhorn Pass)";"";"";"PUMA";"Box Topper";"0";""
"ukjent";"Mox Amber (foil)";"";"";"BRO";"Retro Artifacts (FOIL)";"0";""
"ukjent";"Mox Amber (Schematic Art) (foil)";"";"";"BRO";"Retro Artifacts (FOIL)";"0";""
"ukjent";"Mr. Foxglove";"";"";"BLB";"Commander";"0";""
"ukjent";"Mulldrifter";"";"";"CMB1";"Common";"0";""
"ukjent";"Mulldrifter";"";"";"KHM";"Commander";"0";""
"ukjent";"Multani, Yavimaya's Avatar";"";"";"ZNR";"Commander";"0";""
"ukjent";"Murkfiend Liege";"";"";"CMB1";"Rare";"0";""
"ukjent";"Muscle Sliver";"";"";"CMB1";"Common";"0";""
"ukjent";"Mycoloth";"";"";"CMB1";"Rare";"0";""
"ukjent";"Myojin of Blooming Dawn";"";"";"NEO";"Commander";"0";""
"ukjent";"Myojin of Blooming Dawn (foil)";"";"";"NEO";"Commander";"0";""
"ukjent";"Myojin of Cryptic Dreams";"";"";"NEO";"Commander";"0";""
"ukjent";"Myojin of Grim Betrayal (foil)";"";"";"NEO";"Commander";"0";""
"ukjent";"Myojin of Life's Web (Foil)";"";"";"CMB1";"Rare";"0";""
"ukjent";"Myojin of Roaring Blades";"";"";"NEO";"Commander";"0";""
"ukjent";"Myojin of Roaring Blades (foil)";"";"";"NEO";"Commander";"0";""
"ukjent";"Myojin of Towering Might";"";"";"NEO";"Commander";"0";""
"ukjent";"Myr Battlesphere";"";"";"MOM";"Commander";"0";""
"ukjent";"Myriad Landscape";"";"";"MH3";"Commander";"0";""
"ukjent";"Myriad Landscape";"";"";"WOE";"Commander";"0";""
"ukjent";"Mystic Confluence";"";"";"SPG";"Special";"0";""
"ukjent";"Mystic Forge (foil)";"";"";"BRO";"Retro Artifacts (FOIL)";"0";""
"ukjent";"Mystic Forge (Schematic Art) (foil)";"";"";"BRO";"Retro Artifacts (FOIL)";"0";""
"ukjent";"Mystic Monarchy";"";"";"C16";"Uncommon";"0";""
"ukjent";"Mystic Sanctuary";"";"";"SPG";"Special";"0";""
"ukjent";"Nahiri, Forged in Fury";"";"";"MOM";"Aftermath";"0";""
"ukjent";"Najeela, the Blade-Blossom";"";"";"SPM";"Eternal Legal";"0";""
"ukjent";"Narset, Enlightened Exile";"";"";"MOM";"Aftermath";"0";""
"ukjent";"Narset, Enlightened Exile (Showcase, Foil)";"";"";"MOM";"Aftermath";"0";""
"ukjent";"Narset's Reversal (Black Panther's Redirection)";"";"";"SPM";"Eternal Legal";"0";""
"ukjent";"Natural Order";"";"";"STX";"Mythic";"0";""
"ukjent";"Natural Order (foil)";"";"";"STX";"Mythic (FOIL)";"0";""
"ukjent";"Nature's Claim";"";"";"SPG";"Special";"0";""
"ukjent";"Nature's Lore";"";"";"CMB1";"Common";"0";""
"ukjent";"Nature's Will (0057) (Foil)";"";"";"WOE";"Enchanting Tales (FOIL)";"0";""
"ukjent";"Nature's Will (0082 - Anime) (Foil)";"";"";"WOE";"Enchanting Tales (FOIL)";"0";""
"ukjent";"Necromantic Selection";"";"";"ZNR";"Commander";"0";""
"ukjent";"Necropolis Regent";"";"";"VOW";"Commander";"0";""
"ukjent";"Necropotence (0031) (Foil)";"";"";"WOE";"Enchanting Tales (FOIL)";"0";""
"ukjent";"Necropotence (0074 - Anime) (Foil)";"";"";"WOE";"Enchanting Tales (FOIL)";"0";""
"ukjent";"Needle Specter (Eventide)";"";"";"CMB1";"Rare";"0";""
"ukjent";"Needleverge Pathway (Foil)";"";"";"SLD";"Secret Lair";"0";""
"ukjent";"Negate";"";"";"STX";"Uncommon";"0";""
"ukjent";"Negate (081 - JPN Alternate Art) (foil)";"";"";"STX";"Uncommon (FOIL)";"0";""
"ukjent";"Negate (Foil-Etched - 081 - JPN Alternate Art)";"";"";"STX";"Uncommon (FOIL)";"0";""
"ukjent";"Negate (foil)";"";"";"STX";"Uncommon (FOIL)";"0";""
"ukjent";"Negate (Player Rewards)";"";"";"CMB1";"Rare";"0";""
"ukjent";"Nemesis of Reason";"";"";"CMB1";"Rare";"0";""
"ukjent";"Netherborn Altar (Commander 2020)";"";"";"CMB1";"Rare";"0";""
"ukjent";"Nettlecyst";"";"";"MKM";"Commander";"0";""
"ukjent";"Nezumi Graverobber";"";"";"CMB1";"Uncommon";"0";""
"ukjent";"Nicol Bolas";"";"";"SPG";"Special";"0";""
"ukjent";"Night's Whisper";"";"";"CMB1";"Common";"0";""
"ukjent";"Night's Whisper";"";"";"JMP";"Jumpstart";"0";""
"ukjent";"Nightveil Specter";"";"";"GRN";"Guild Kits";"0";""
"ukjent";"Nihil Spellbomb";"";"";"C16";"Common";"0";""
"ukjent";"Nine Lives";"";"";"SPM";"Eternal Legal";"0";""
"ukjent";"Ninja of the Deep Hours";"";"";"SPG";"Special";"0";""
"ukjent";"Nirkana Revenant";"";"";"VOW";"Commander";"0";""
"ukjent";"Nissa, Resurgent Animist";"";"";"MOM";"Aftermath";"0";""
"ukjent";"Nissa, Resurgent Animist (Retro Frame)";"";"";"MOM";"Aftermath";"0";""
"ukjent";"Nissa, Voice of Zendikar";"";"";"CMB1";"Mythic";"0";""
"ukjent";"Niv-Mizzet Reborn (foil)";"";"";"MOM";"Multiverse Legends (FOIL)";"0";""
"ukjent";"Niv-Mizzet, Supreme";"";"";"MOM";"Aftermath";"0";""
"ukjent";"Niv-Mizzet, the Firemind (Foil)";"";"";"GRN";"Guild Kits";"0";""
"ukjent";"Noble Benefactor";"";"";"CMB1";"Rare";"0";""
"ukjent";"Norin the Wary (Foil)";"";"";"CMB1";"Rare";"0";""
"ukjent";"Norn's Annex (Foil)";"";"";"CMB1";"Rare";"0";""
"ukjent";"Notion Thief";"";"";"ZNR";"Commander";"0";""
"ukjent";"Notorious Throng";"";"";"ZNR";"Commander";"0";""
"ukjent";"Noxious Gearhulk";"";"";"DSK";"Commander";"0";""
"ukjent";"Noxious Ghoul";"";"";"CMB1";"Uncommon";"0";""
"ukjent";"Noxious Revival";"";"";"CMB1";"Uncommon";"0";""
"ukjent";"Nut Collector";"";"";"CMB1";"Rare";"0";""
"ukjent";"Nylea, God of the Hunt";"";"";"CMB1";"Mythic";"0";""
"ukjent";"Nyx Weaver";"";"";"CMB1";"Uncommon";"0";""
"ukjent";"Ob Nixilis Reignited";"";"";"DSK";"Commander";"0";""
"ukjent";"Ob Nixilis, Captive Kingpin";"";"";"MOM";"Aftermath";"0";""
"ukjent";"Ob Nixilis, the Fallen";"";"";"CMB1";"Mythic";"0";""
"ukjent";"Obelisk of Urd";"";"";"ZNR";"Commander";"0";""
"ukjent";"Obliterate (Invasion)";"";"";"CMB1";"Rare";"0";""
"ukjent";"Oblivion Stone";"";"";"MH3";"Commander";"0";""
"ukjent";"Obosh, the Preypiercer (foil)";"";"";"MOM";"Multiverse Legends (FOIL)";"0";""
"ukjent";"Obsidian Obelisk (Extended Art)";"";"";"DMU";"Commander";"0";""
"ukjent";"Obuun, Mul Daya Ancestor (Foil)";"";"";"ZNR";"Commander";"0";""
"ukjent";"Occult Epiphany";"";"";"VOW";"Commander";"0";""
"ukjent";"Occult Epiphany (Extended Art)";"";"";"VOW";"Commander";"0";""
"ukjent";"Octomancer";"";"";"BLB";"Commander";"0";""
"ukjent";"Octopus Umbra";"";"";"CMB1";"Rare";"0";""
"ukjent";"Odds - Ends";"";"";"CMB1";"Rare";"0";""
"ukjent";"Odric, Lunarch Marshal";"";"";"CMB1";"Rare";"0";""
"ukjent";"Odric, Master Tactician";"";"";"MID";"Commander";"0";""
"ukjent";"Ogre Slumlord";"";"";"ZNR";"Commander";"0";""
"ukjent";"Ohabi Caleria (foil)";"";"";"DMU";"Commander";"0";""
"ukjent";"Ohran Frostfang";"";"";"MKM";"Commander";"0";""
"ukjent";"Okina, Temple to the Grandfathers";"";"";"CMB1";"Rare";"0";""
"ukjent";"Olivia's Wrath";"";"";"LCI";"Commander";"0";""
"ukjent";"Olivia's Wrath";"";"";"VOW";"Commander";"0";""
"ukjent";"Ominous Seas";"";"";"CMB1";"Uncommon";"0";""
"ukjent";"Omnath, Locus of Rage";"";"";"ZNR";"Commander";"0";""
"ukjent";"Omniscience (0024) (Foil)";"";"";"WOE";"Enchanting Tales (FOIL)";"0";""
"ukjent";"Omniscience (0070 - Anime) (Foil)";"";"";"WOE";"Enchanting Tales (FOIL)";"0";""
"ukjent";"Omo, Queen of Vesuva";"";"";"MH3";"Commander";"0";""
"ukjent";"Omo, Queen of Vesuva (Borderless)";"";"";"MH3";"Commander";"0";""
"ukjent";"One with Nothing (Foil)";"";"";"CMB1";"Rare";"0";""
"ukjent";"Oona, Queen of the Fae";"";"";"ZNR";"Commander";"0";""
"ukjent";"Open the Graves";"";"";"MID";"Commander";"0";""
"ukjent";"Open the Way";"";"";"MOM";"Aftermath";"0";""
"ukjent";"Open the Way (Foil)";"";"";"MOM";"Aftermath";"0";""
"ukjent";"Opposition Agent";"";"";"SPM";"Eternal Legal";"0";""
"ukjent";"Oppression (0032) (Foil)";"";"";"WOE";"Enchanting Tales (FOIL)";"0";""
"ukjent";"Opt";"";"";"STX";"Uncommon";"0";""
"ukjent";"Opt (foil)";"";"";"STX";"Uncommon (FOIL)";"0";""
"ukjent";"Oracle of Nectars";"";"";"CMB1";"Rare";"0";""
"ukjent";"Orca, Siege Demon";"";"";"DMU";"Commander";"0";""
"ukjent";"Orca, Siege Demon (foil)";"";"";"DMU";"Commander";"0";""
"ukjent";"Ore-Rich Stalactite";"";"";"LCI";"Commander";"0";""
"ukjent";"Ore-Rich Stalactite (Extended Art)";"";"";"LCI";"Commander";"0";""
"ukjent";"Orim's Chant (Planeshift)";"";"";"CMB1";"Rare";"0";""
"ukjent";"Ormos, Archive Keeper";"";"";"CMB1";"Rare";"0";""
"ukjent";"Ornithopter (foil)";"";"";"BRO";"Retro Artifacts (FOIL)";"0";""
"ukjent";"Ornithopter (Schematic Art) (foil)";"";"";"BRO";"Retro Artifacts (FOIL)";"0";""
"ukjent";"Orochi Soul-Reaver";"";"";"OTJ";"Commander";"0";""
"ukjent";"Orzhov Guildgate 252A";"";"";"RNA";"Common";"0";""
"ukjent";"Orzhov Guildgate 252A (foil)";"";"";"RNA";"Common (FOIL)";"0";""
"ukjent";"Orzhov Guildgate 253B (foil)";"";"";"RNA";"Common (FOIL)";"0";""
"ukjent";"Orzhov Signet";"";"";"BRO";"Commander";"0";""
"ukjent";"Oubliette";"";"";"CMB1";"Uncommon";"0";""
"ukjent";"Overflowing Basin";"";"";"OTJ";"Commander";"0";""
"ukjent";"Oversold Cemetery (0033) (Foil)";"";"";"WOE";"Enchanting Tales (FOIL)";"0";""
"ukjent";"Ovinomancer";"";"";"SPG";"Special";"0";""
"ukjent";"Owen Grady, Raptor Trainer (Borderless)";"";"";"LCI";"Rare";"0";""
"ukjent";"Owen Grady, Raptor Trainer (Borderless) (Foil)";"";"";"LCI";"Rare (FOIL)";"0";""
"ukjent";"Oxidize";"";"";"CMB1";"Common";"0";""
"ukjent";"Oyobi, Who Split the Heavens";"";"";"VOW";"Commander";"0";""
"ukjent";"Pact of the Serpent";"";"";"KHM";"Commander";"0";""
"ukjent";"Pact of the Serpent";"";"";"LCI";"Commander";"0";""
"ukjent";"Pandemonium (Exodus)";"";"";"CMB1";"Rare";"0";""
"ukjent";"Panharmonicon";"";"";"CMB1";"Rare";"0";""
"ukjent";"Panharmonicon";"";"";"SPG";"Special";"0";""
"ukjent";"Panharmonicum";"";"";"KLD";"Rare";"0";"13264"
"ukjent";"Parallel Evolution";"";"";"CMB1";"Rare";"0";""
"ukjent";"Parallel Lives";"";"";"SPM";"Eternal Legal";"0";""
"ukjent";"Parallel Lives (0058) (Foil)";"";"";"WOE";"Enchanting Tales (FOIL)";"0";""
"ukjent";"Parallel Lives (0083 - Anime) (Foil)";"";"";"WOE";"Enchanting Tales (FOIL)";"0";""
"ukjent";"Parhelion II";"";"";"NEO";"Commander";"0";""
"ukjent";"Pariah's Shield";"";"";"CMB1";"Rare";"0";""
"ukjent";"Past in Flames";"";"";"SPG";"Special";"0";""
"ukjent";"Path to Exile";"";"";"MKM";"Commander";"0";""
"ukjent";"Path to Exile";"";"";"SPG";"Special";"0";""
"ukjent";"Path to Exile";"";"";"TMT";"Source Material Cards";"0";""
"ukjent";"Pathrazer of Ulamog";"";"";"CMB1";"Uncommon";"0";""
"ukjent";"Patron of the Moon (Foil)";"";"";"CMB1";"Rare";"0";""
"ukjent";"Patron of the Vein";"";"";"VOW";"Commander";"0";""
"ukjent";"Patron Wizard";"";"";"CMB1";"Rare";"0";""
"ukjent";"Pendelhaven";"";"";"SPG";"Special";"0";""
"ukjent";"Pentarch Ward";"";"";"CMB1";"Common";"0";""
"ukjent";"Perch Protection";"";"";"BLB";"Commander";"0";""
"ukjent";"Perilous Vault (foil)";"";"";"BRO";"Retro Artifacts (FOIL)";"0";""
"ukjent";"Permission Denied (Borderless)";"";"";"LCI";"Rare";"0";""
"ukjent";"Permission Denied (Borderless) (Foil)";"";"";"LCI";"Rare (FOIL)";"0";""
"ukjent";"Perplexing Test";"";"";"BLB";"Commander";"0";""
"ukjent";"Perplexing Test (Extended Art)";"";"";"CMR";"Rare";"0";""
"ukjent";"Perrie, the Pulverizer (foil)";"";"";"SNC";"Mythic FOIL";"0";""
"ukjent";"Petrified Field";"";"";"CMB1";"Rare";"0";""
"ukjent";"Phyrexian Arena (CN2)";"";"";"CMB1";"Rare";"0";""
"ukjent";"Phyrexian Etchings (Coldsnap)";"";"";"CMB1";"Rare";"0";""
"ukjent";"Phyrexian Metamorph";"";"";"CMB1";"Rare";"0";""
"ukjent";"Phyrexian Processor (foil)";"";"";"BRO";"Retro Artifacts (FOIL)";"0";""
"ukjent";"Phyrexian Processor (Schematic Art) (foil)";"";"";"BRO";"Retro Artifacts (FOIL)";"0";""
"ukjent";"Phyrexian Reclamation";"";"";"CMB1";"Uncommon";"0";""
"ukjent";"Phyrexian Revoker (foil)";"";"";"BRO";"Retro Artifacts (FOIL)";"0";""
"ukjent";"Phyrexian Revoker (Schematic Art) (foil)";"";"";"BRO";"Retro Artifacts (FOIL)";"0";""
"ukjent";"Phyrexian Scriptures (Dominaria)";"";"";"CMB1";"Mythic";"0";""
"ukjent";"Phyrexian Soulgorger";"";"";"CMB1";"Rare";"0";""
"ukjent";"Phyrexian Triniform";"";"";"MOM";"Commander";"0";""
"ukjent";"Phyrexian Tyranny";"";"";"CMB1";"Rare";"0";""
"ukjent";"Phyrexian Unlife (0011) (Foil)";"";"";"WOE";"Enchanting Tales (FOIL)";"0";""
"ukjent";"Phyrexian Vatmother (Mirrodin Besieged)";"";"";"CMB1";"Rare";"0";""
"ukjent";"Phyrexian Walker (Visions)";"";"";"CMB1";"Common";"0";""
"ukjent";"Pia Nalaar, Consul of Revival (Foil)";"";"";"MOM";"Aftermath";"0";""
"ukjent";"Pia Nalaar, Consul of Revival (Showcase)";"";"";"MOM";"Aftermath";"0";""
"ukjent";"Pitiless Plunderer";"";"";"CMB1";"Uncommon";"0";""
"ukjent";"Plague of Vermin";"";"";"TMT";"Source Material Cards";"0";""
"ukjent";"Plains";"";"";"CMB1";"Common";"0";""
"ukjent";"Plains 261 (foil)";"";"";"M20";"Common (FOIL)";"0";""
"ukjent";"Plains 262 (foil)";"";"";"M20";"Common (FOIL)";"0";""
"ukjent";"Plains 263 (foil)";"";"";"M20";"Common (FOIL)";"0";""
"ukjent";"Planar Portal (Invasion)";"";"";"CMB1";"Rare";"0";""
"ukjent";"Planeswalker Nicol Bolas  (Foil)";"";"";"DDH";"Duel Decks: Ajani vs Nicol Bolas";"0";""
"ukjent";"Planeswalker's Fury (Planeshift)";"";"";"CMB1";"Rare";"0";""
"ukjent";"Platinum Angel";"";"";"CMB1";"Mythic";"0";""
"ukjent";"Platinum Angel (foil)";"";"";"BRO";"Retro Artifacts (FOIL)";"0";""
"ukjent";"Platinum Angel (Schematic Art) (foil)";"";"";"BRO";"Retro Artifacts (FOIL)";"0";""
"ukjent";"Plea for Power";"";"";"CMB1";"Rare";"0";""
"ukjent";"Pledge the Unity (foil)";"";"";"WAR";"Uncommon (FOIL)";"0";""
"ukjent";"Poison-Tip Archer";"";"";"KHM";"Commander";"0";""
"ukjent";"Polluted Bonds (0034) (Foil)";"";"";"WOE";"Enchanting Tales (FOIL)";"0";""
"ukjent";"Polluted Bonds (0075 - Anime) (Foil)";"";"";"WOE";"Enchanting Tales (FOIL)";"0";""
"ukjent";"Polluted Delta";"";"";"PUMA";"Box Topper";"0";""
"ukjent";"Polluted Delta (foil)";"";"";"ZNR";"Box Topper (FOIL)";"0";""
"ukjent";"Ponder";"";"";"SPG";"Special";"0";""
"ukjent";"Pongify";"";"";"SOS";"Mystical Archive";"0";""
"ukjent";"Prairie Stream";"";"";"BLB";"Commander";"0";""
"ukjent";"Prairie Stream";"";"";"BRO";"Commander";"0";""
"ukjent";"Prairie Stream";"";"";"NEO";"Commander";"0";""
"ukjent";"Precursor Golem";"";"";"CMB1";"Rare";"0";""
"ukjent";"Precursor Golem (foil)";"";"";"BRO";"Retro Artifacts (FOIL)";"0";""
"ukjent";"Precursor Golem (Schematic Art) (foil)";"";"";"BRO";"Retro Artifacts (FOIL)";"0";""
"ukjent";"Predators' Hour";"";"";"OTJ";"Commander";"0";""
"ukjent";"Predators' Hour";"";"";"VOW";"Commander";"0";""
"ukjent";"Preordain";"";"";"SOS";"Mystical Archive";"0";""
"ukjent";"Preordain (C2015)";"";"";"CMB1";"Common";"0";""
"ukjent";"Price of Progress";"";"";"CMB1";"Uncommon";"0";""
"ukjent";"Priest of Forgotten Gods";"";"";"JMP";"Jumpstart";"0";""
"ukjent";"Priest of the Blessed Graf";"";"";"VOW";"Commander";"0";""
"ukjent";"Primal Command";"";"";"STX";"Mythic";"0";""
"ukjent";"Primal Command (foil)";"";"";"STX";"Mythic (FOIL)";"0";""
"ukjent";"Primal Vigor";"";"";"SPM";"Eternal Legal";"0";""
"ukjent";"Primal Vigor (0059) (Foil)";"";"";"WOE";"Enchanting Tales (FOIL)";"0";""
"ukjent";"Prime Speaker Zegana";"";"";"LCI";"Commander";"0";""
"ukjent";"Primeval Spawn";"";"";"DMU";"Commander";"0";""
"ukjent";"Primeval Titan";"";"";"SPG";"Special";"0";""
"ukjent";"Prismatic Ending";"";"";"SOS";"Mystical Archive";"0";""
"ukjent";"Prismatic Geoscope";"";"";"CMB1";"Rare";"0";""
"ukjent";"Prismatic Omen (0060) (Foil)";"";"";"WOE";"Enchanting Tales (FOIL)";"0";""
"ukjent";"Prismatic Vista";"";"";"PUMA";"Box Topper";"0";""
"ukjent";"Prismatic Vista (foil)";"";"";"ZNR";"Box Topper (FOIL)";"0";""
"ukjent";"Pristine Talisman (foil)";"";"";"BRO";"Retro Artifacts (FOIL)";"0";""
"ukjent";"Pristine Talisman (Schematic Art) (foil)";"";"";"BRO";"Retro Artifacts (FOIL)";"0";""
"ukjent";"Privileged Position";"";"";"SPM";"Eternal Legal";"0";""
"ukjent";"Prized Amalgam";"";"";"SPG";"Special";"0";""
"ukjent";"Prodigal Sorcerer";"";"";"SPG";"Special";"0";""
"ukjent";"Professor Onyx";"";"";"DSK";"Commander";"0";""
"ukjent";"Progenitor's Icon";"";"";"LCI";"Commander";"0";""
"ukjent";"Progenitus";"";"";"CMB1";"Mythic";"0";""
"ukjent";"Promise of Aclazotz";"";"";"LCI";"Commander";"0";""
"ukjent";"Promise of Bunrei";"";"";"VOW";"Commander";"0";""
"ukjent";"Promise of Loyalty (Extended Art)";"";"";"CMR";"Rare";"0";""
"ukjent";"Propaganda";"";"";"CMB1";"Uncommon";"0";""
"ukjent";"Propaganda";"";"";"MH3";"Commander";"0";""
"ukjent";"Prosper, Tome-Bound (Display Commander - Not Tournament Legal) (Foil)";"";"";"AFR";"Mythic (FOIL)";"0";""
"ukjent";"Prossh, Skyraider of Kher (Masters 25)";"";"";"CMB1";"Mythic";"0";""
"ukjent";"Prowling Geistcatcher";"";"";"MID";"Commander";"0";""
"ukjent";"Psionic Blast";"";"";"SPG";"Special";"0";""
"ukjent";"Psychosis Crawler";"";"";"BLB";"Commander";"0";""
"ukjent";"Psychosis Crawler";"";"";"MKM";"Commander";"0";""
"ukjent";"Psychosis Crawler (foil)";"";"";"BRO";"Retro Artifacts (FOIL)";"0";""
"ukjent";"Psychosis Crawler (Schematic Art) (foil)";"";"";"BRO";"Retro Artifacts (FOIL)";"0";""
"ukjent";"Puca's Mischief (Foil)";"";"";"CMB1";"Rare";"0";""
"ukjent";"Pull from Eternity (Foil)";"";"";"CMB1";"Uncommon";"0";""
"ukjent";"Pull from Tomorrow";"";"";"MOM";"Commander";"0";""
"ukjent";"Purphoros, God of the Forge";"";"";"CMB1";"Mythic";"0";""
"ukjent";"Putrefy";"";"";"CMB1";"Uncommon";"0";""
"ukjent";"Putrefy";"";"";"STX";"Rare";"0";""
"ukjent";"Putrefy (foil)";"";"";"STX";"Rare (FOIL)";"0";""
"ukjent";"Pyretic Ritual";"";"";"SOS";"Mystical Archive";"0";""
"ukjent";"Pyretic Ritual (Foil)";"";"";"CMB1";"Rare";"0";""
"ukjent";"Pyretic Ritual (Foil)";"";"";"SOS";"Mystical Archive (FOIL)";"0";""
"ukjent";"Qasali Pridemage";"";"";"SPG";"Special";"0";""
"ukjent";"Queen Marchesa";"";"";"CMB1";"Mythic";"0";""
"ukjent";"Questing Phelddagrif";"";"";"CMB1";"Rare";"0";""
"ukjent";"Quicksilver Amulet (foil)";"";"";"BRO";"Retro Artifacts (FOIL)";"0";""
"ukjent";"Quicksilver Amulet (Schematic Art) (foil)";"";"";"BRO";"Retro Artifacts (FOIL)";"0";""
"ukjent";"Quietus Spike  (foil)";"";"";"BRO";"Retro Artifacts (FOIL)";"0";""
"ukjent";"Quietus Spike (Schematic Art) (foil)";"";"";"BRO";"Retro Artifacts (FOIL)";"0";""
"ukjent";"Radha, Coalition Warlord (foil)";"";"";"MOM";"Multiverse Legends (FOIL)";"0";""
"ukjent";"Ragavan, Nimble Pilferer (foil)";"";"";"MOM";"Multiverse Legends (FOIL)";"0";""
"ukjent";"Rage Reflection";"";"";"CMB1";"Rare";"0";""
"ukjent";"Raid Bombardment (0047) (Foil)";"";"";"WOE";"Enchanting Tales (FOIL)";"0";""
"ukjent";"Rain of Riches";"";"";"BLB";"Commander";"0";""
"ukjent";"Rakdos Charm";"";"";"SPG";"Special";"0";""
"ukjent";"Rakdos Charm";"";"";"VOW";"Commander";"0";""
"ukjent";"Rakdos Guildgate 255A";"";"";"RNA";"Common";"0";""
"ukjent";"Rakdos Guildgate 255A (foil)";"";"";"RNA";"Common (FOIL)";"0";""
"ukjent";"Rakdos Guildgate 256B (foil)";"";"";"RNA";"Common (FOIL)";"0";""
"ukjent";"Ramirez DePietro, Pillager (foil)";"";"";"DMU";"Commander";"0";""
"ukjent";"Ramos, Dragon Engine (foil)";"";"";"BRO";"Retro Artifacts (FOIL)";"0";""
"ukjent";"Rampaging Baloths";"";"";"MH3";"Commander";"0";""
"ukjent";"Rampaging Baloths";"";"";"ZNR";"Commander";"0";""
"ukjent";"Rampant Frogantua";"";"";"MH3";"Commander";"0";""
"ukjent";"Rampant Growth";"";"";"CMB1";"Common";"0";""
"ukjent";"Rampant Growth";"";"";"OTJ";"Commander";"0";""
"ukjent";"Rampant Rejuvenator";"";"";"NEO";"Commander";"0";""
"ukjent";"Ramses, Assassin Lord (foil)";"";"";"DMU";"Commander";"0";""
"ukjent";"Ramunap Ruins";"";"";"SPG";"Special";"0";""
"ukjent";"Rancor";"";"";"CMB1";"Uncommon";"0";""
"ukjent";"Ranger-Captain of Eos";"";"";"CMB1";"Mythic";"0";""
"ukjent";"Ransom Note (0357 - Extended Art)";"";"";"MKM";"Commander";"0";""
"ukjent";"Rashmi and Ragavan (Extended Art) (Foil)";"";"";"MOM";"Commander";"0";""
"ukjent";"Rashmi, Eternities Crafter";"";"";"DSK";"Commander";"0";""
"ukjent";"Rasputin, the Oneiromancer (foil)";"";"";"DMU";"Commander";"0";""
"ukjent";"Rat Colony";"";"";"CMB1";"Common";"0";""
"ukjent";"Rattlechains";"";"";"VOW";"Commander";"0";""
"ukjent";"Ravenous Chupacabra";"";"";"CMB1";"Uncommon";"0";""
"ukjent";"Ravenous Rotbelly";"";"";"MID";"Commander";"0";""
"ukjent";"Ravenous Tyrannosaurus (Borderless)";"";"";"LCI";"Rare";"0";""
"ukjent";"Ravenous Tyrannosaurus (Borderless) (Foil)";"";"";"LCI";"Rare (FOIL)";"0";""
"ukjent";"Ravnica at War (War of the Spark)";"";"";"CMB1";"Rare";"0";""
"ukjent";"Rayne, Academy Chancellor (Urza's Destiny)";"";"";"CMB1";"Rare";"0";""
"ukjent";"Razorverge Thicket";"";"";"PUMA";"Box Topper";"0";""
"ukjent";"Razorverge Thicket (foil)";"";"";"ZNR";"Box Topper (FOIL)";"0";""
"ukjent";"Read the Bones";"";"";"SPG";"Special";"0";""
"ukjent";"Reality Scramble";"";"";"CMB1";"Rare";"0";""
"ukjent";"Reality Shift";"";"";"CMB1";"Uncommon";"0";""
"ukjent";"Realm-Cloaked Giant";"";"";"BLB";"Commander";"0";""
"ukjent";"Realmwalker";"";"";"LCI";"Commander";"0";""
"ukjent";"Reaper King (Foil)";"";"";"CMB1";"Rare";"0";""
"ukjent";"Rebuild the City (Showcase)";"";"";"MOM";"Aftermath";"0";""
"ukjent";"Reclamation Sage";"";"";"KHM";"Commander";"0";""
"ukjent";"Reclamation Sage";"";"";"SPG";"Special";"0";""
"ukjent";"Recruiter of the Guard";"";"";"CMB1";"Rare";"0";""
"ukjent";"Redemption Arc (Extended Art)";"";"";"MKM";"Commander";"0";""
"ukjent";"Redemption Choir (Extended Art)";"";"";"LCI";"Commander";"0";""
"ukjent";"Reflecting Pool (0373 - Henneth Annun) ";"";"";"PUMA";"Box Topper";"0";""
"ukjent";"Reflections of Littjara";"";"";"LCI";"Commander";"0";""
"ukjent";"Reflector Mage";"";"";"CMB1";"Uncommon";"0";""
"ukjent";"Regal Behemoth";"";"";"LCI";"Commander";"0";""
"ukjent";"Regrowth";"";"";"STX";"Rare";"0";""
"ukjent";"Regrowth (foil)";"";"";"STX";"Rare (FOIL)";"0";""
"ukjent";"Reki, the History of Kamigawa (Foil)";"";"";"CMB1";"Rare";"0";""
"ukjent";"Release to Memory";"";"";"TLA";"Eternal-Legal";"0";""
"ukjent";"Relentless Assault";"";"";"SPM";"Eternal Legal";"0";""
"ukjent";"Relentless Rats";"";"";"CMB1";"Uncommon";"0";""
"ukjent";"Reliquary Tower";"";"";"CMB1";"Uncommon";"0";""
"ukjent";"Reliquary Tower";"";"";"DSK";"Commander";"0";""
"ukjent";"Remand";"";"";"SPG";"Special";"0";""
"ukjent";"Remorseful Cleric";"";"";"VOW";"Commander";"0";""
"ukjent";"Renata, Called to the Hunt (foil)";"";"";"MOM";"Multiverse Legends (FOIL)";"0";""
"ukjent";"Repeal";"";"";"SPG";"Special";"0";""
"ukjent";"Repercussion (0048) (Foil)";"";"";"WOE";"Enchanting Tales (FOIL)";"0";""
"ukjent";"Repercussion (0078 - Anime) (Foil)";"";"";"WOE";"Enchanting Tales (FOIL)";"0";""
"ukjent";"Replication Technique";"";"";"MH3";"Commander";"0";""
"ukjent";"Reprieve";"";"";"SOS";"Mystical Archive";"0";""
"ukjent";"Requisition Raid (Foil)";"";"";"SOS";"Mystical Archive (FOIL)";"0";""
"ukjent";"Rest in Peace";"";"";"SPM";"Eternal Legal";"0";""
"ukjent";"Rest in Peace (0012) (Foil)";"";"";"WOE";"Enchanting Tales (FOIL)";"0";""
"ukjent";"Restoration Angel";"";"";"SPG";"Special";"0";""
"ukjent";"Return of the Wildspeaker";"";"";"LCI";"Commander";"0";""
"ukjent";"Return of the Wildspeaker";"";"";"ZNR";"Commander";"0";""
"ukjent";"Return of the Wildspeaker (Earth Rumble Triumph)";"";"";"TLA";"Eternal-Legal";"0";""
"ukjent";"Return to the Ranks";"";"";"SOS";"Mystical Archive";"0";""
"ukjent";"Revel in Riches";"";"";"CMB1";"Rare";"0";""
"ukjent";"Revitalize (072 - JPN Alternate Art) (foil)";"";"";"STX";"Uncommon (FOIL)";"0";""
"ukjent";"Revitalize (Foil-Etched - 072 - JPN Alternate Art)";"";"";"STX";"Uncommon (FOIL)";"0";""
"ukjent";"Revitalize (foil)";"";"";"STX";"Uncommon (FOIL)";"0";""
"ukjent";"Reyav, Master Smith (foil)";"";"";"MOM";"Multiverse Legends (FOIL)";"0";""
"ukjent";"Rhoda, Geist Avenger";"";"";"VOW";"Commander";"0";""
"ukjent";"Rhonas's Monument";"";"";"CMB1";"Uncommon";"0";""
"ukjent";"Rhys the Redeemed";"";"";"CMB1";"Rare";"0";""
"ukjent";"Rhystic Study";"";"";"CMB1";"Common";"0";""
"ukjent";"Rhystic Study (0025) (Foil)";"";"";"WOE";"Enchanting Tales (FOIL)";"0";""
"ukjent";"Rhystic Study (0071 - Anime) (Foil)";"";"";"WOE";"Enchanting Tales (FOIL)";"0";""
"ukjent";"Rhythm of the Wild";"";"";"NEO";"Commander";"0";""
"ukjent";"Rhythm of the Wild";"";"";"TMT";"Source Material Cards";"0";""
"ukjent";"Riftsweeper";"";"";"CMB1";"Uncommon";"0";""
"ukjent";"Ring of Three Wishes";"";"";"CMB1";"Mythic";"0";""
"ukjent";"Ripjaw Raptor";"";"";"LCI";"Commander";"0";""
"ukjent";"Riptide Director";"";"";"CMB1";"Rare";"0";""
"ukjent";"Risen Reef";"";"";"CMB1";"Uncommon";"0";""
"ukjent";"Rishadan Port (Brussels) - Not Tournament Legal)";"";"";"CED";"Rare";"0";""
"ukjent";"Rishkar's Expertise";"";"";"LCI";"Commander";"0";""
"ukjent";"Rishkar's Expertise";"";"";"NEO";"Commander";"0";""
"ukjent";"Rite of Replication";"";"";"SPM";"Eternal Legal";"0";""
"ukjent";"Rites of Flourishing";"";"";"ZNR";"Commander";"0";""
"ukjent";"Rith, the Awakener";"";"";"CMB1";"Rare";"0";""
"ukjent";"Riverglide Pathway (Foil)";"";"";"SLD";"Secret Lair";"0";""
"ukjent";"Roadkill Rodney";"";"";"TMT";"Eternal Legal";"0";""
"ukjent";"Roar of Resistance";"";"";"ONE";"Commander";"0";""
"ukjent";"Rogue's Passage";"";"";"CMB1";"Uncommon";"0";""
"ukjent";"Rohgahh, Kher Keep Overlord (foil)";"";"";"DMU";"Commander";"0";""
"ukjent";"Rolling Hamsphere (0071 - Extended Art)";"";"";"BLB";"Commander";"0";""
"ukjent";"Rooftop Storm";"";"";"MID";"Commander";"0";""
"ukjent";"Roon of the Hidden Realm";"";"";"CMB1";"Mythic";"0";""
"ukjent";"Rosnakht, Heir of Rohgahh";"";"";"DMU";"Commander";"0";""
"ukjent";"Rout (Commander 2021)";"";"";"CMB1";"Rare";"0";""
"ukjent";"Royal Treatment (Foil)";"";"";"SOS";"Mystical Archive (FOIL)";"0";""
"ukjent";"Ruin Grinder";"";"";"CMB1";"Rare";"0";""
"ukjent";"Ruin Grinder (Extended Art)";"";"";"CMR";"Rare";"0";""
"ukjent";"Ruinous Intrusion";"";"";"MID";"Commander";"0";""
"ukjent";"Rumbleweed";"";"";"OTJ";"Commander";"0";""
"ukjent";"Rune-Tail, Kitsune Ascendant";"";"";"CMB1";"Rare";"0";""
"ukjent";"Runechanter's Pike (foil)";"";"";"BRO";"Retro Artifacts (FOIL)";"0";""
"ukjent";"Runechanter's Pike (Schematic Art) (foil)";"";"";"BRO";"Retro Artifacts (FOIL)";"0";""
"ukjent";"Runed Halo";"";"";"CMB1";"Rare";"0";""
"ukjent";"Runic Armasaur";"";"";"LCI";"Commander";"0";""
"ukjent";"Ruthless Technomancer";"";"";"NEO";"Commander";"0";""
"ukjent";"Ruthless Technomancer (Extended Art) (foil)";"";"";"NEO";"Rare (FOIL)";"0";""
"ukjent";"Ruthless Technomancer (foil)";"";"";"NEO";"Commander";"0";""
"ukjent";"Ruthless Winnower";"";"";"KHM";"Commander";"0";""
"ukjent";"Sacred Mesa";"";"";"SPG";"Special";"0";""
"ukjent";"Sadistic Hypnotist";"";"";"CMB1";"Uncommon";"0";""
"ukjent";"Sadistic Shell Game (0053 - Extended Art)";"";"";"DSK";"Commander";"0";""
"ukjent";"Safe Haven";"";"";"SPG";"Special";"0";""
"ukjent";"Sage of the Beyond";"";"";"KHM";"Commander";"0";""
"ukjent";"Sage of the Beyond";"";"";"OTJ";"Commander";"0";""
"ukjent";"Saheeli Rai (Kaladesh)";"";"";"CMB1";"Mythic";"0";""
"ukjent";"Sai, Master Thopterist";"";"";"JMP";"Jumpstart";"0";""
"ukjent";"Sai, Master Thopterist";"";"";"NEO";"Commander";"0";""
"ukjent";"Sakashima of a Thousand Faces (Joo Dee, Public Servant)";"";"";"TLA";"Eternal-Legal";"0";""
"ukjent";"Sakashima the Impostor";"";"";"CMB1";"Rare";"0";""
"ukjent";"Sakashima's Student";"";"";"CMB1";"Rare";"0";""
"ukjent";"Sakashima's Student";"";"";"HOP";"Planechase";"0";""
"ukjent";"Sakura-Tribe Scout (Foil)";"";"";"CMB1";"Common";"0";""
"ukjent";"Samut, Vizier of Naktamun (Showcase)";"";"";"MOM";"Aftermath";"0";""
"ukjent";"Sanctum Seeker";"";"";"VOW";"Commander";"0";""
"ukjent";"Sand Scout";"";"";"OTJ";"Commander";"0";""
"ukjent";"Sanguine Bond";"";"";"SPG";"Special";"0";""
"ukjent";"Sanguine Bond (0035) (Foil)";"";"";"WOE";"Enchanting Tales (FOIL)";"0";""
"ukjent";"Sarkhan the Mad (foil)";"";"";"CMB1";"Mythic";"0";""
"ukjent";"Saryth, the Viper's Fang";"";"";"MKM";"Commander";"0";""
"ukjent";"Satya, Aetherflux Genius (Borderless)";"";"";"MH3";"Commander";"0";""
"ukjent";"Satya, Aetherflux Genius (Borderless)";"";"";"MH3";"Commander";"0";""
"ukjent";"Savage Order (Borderless)";"";"";"LCI";"Rare";"0";""
"ukjent";"Savage Order (Borderless) (Foil)";"";"";"LCI";"Rare (FOIL)";"0";""
"ukjent";"Savvy Trader";"";"";"OTJ";"Commander";"0";""
"ukjent";"Saw in Half";"";"";"SPM";"Eternal Legal";"0";""
"ukjent";"Scalding Tarn";"";"";"PUMA";"Box Topper";"0";""
"ukjent";"Scalding Tarn (foil)";"";"";"ZNR";"Box Topper (FOIL)";"0";""
"ukjent";"Scarecrone";"";"";"CMB1";"Rare";"0";""
"ukjent";"Scion of Draco";"";"";"CMB1";"Mythic";"0";""
"ukjent";"Scion of Opulence";"";"";"VOW";"Commander";"0";""
"ukjent";"Scourge of Fleets";"";"";"ZNR";"Commander";"0";""
"ukjent";"Scourge of the Throne";"";"";"CMB1";"Mythic";"0";""
"ukjent";"Scourge of the Throne (Foil)";"";"";"CMB1";"Mythic";"0";""
"ukjent";"Scrap Trawler (foil)";"";"";"BRO";"Retro Artifacts (FOIL)";"0";""
"ukjent";"Scrap Trawler (Schematic Art) (foil)";"";"";"BRO";"Retro Artifacts (FOIL)";"0";""
"ukjent";"Scroll Rack";"";"";"CMB1";"Rare";"0";""
"ukjent";"Scryb Ranger";"";"";"CMB1";"Uncommon";"0";""
"ukjent";"Sculpting Steel (foil)";"";"";"BRO";"Retro Artifacts (FOIL)";"0";""
"ukjent";"Sculpting Steel (Schematic Art) (foil)";"";"";"BRO";"Retro Artifacts (FOIL)";"0";""
"ukjent";"Scytheclaw";"";"";"ZNR";"Commander";"0";""
"ukjent";"Sea of Clouds";"";"";"CMB1";"Rare";"0";""
"ukjent";"Sea of Clouds";"";"";"PUMA";"Box Topper";"0";""
"ukjent";"Sea of Clouds (foil)";"";"";"ZNR";"Box Topper (FOIL)";"0";""
"ukjent";"Seachrome Coast";"";"";"PUMA";"Box Topper";"0";""
"ukjent";"Seachrome Coast (foil)";"";"";"ZNR";"Box Topper (FOIL)";"0";""
"ukjent";"Seafloor Oracle";"";"";"LCI";"Commander";"0";""
"ukjent";"Season of Growth (0061) (Foil)";"";"";"WOE";"Enchanting Tales (FOIL)";"0";""
"ukjent";"Second Sunrise";"";"";"CMB1";"Rare";"0";""
"ukjent";"Secret Plans";"";"";"SPG";"Special";"0";""
"ukjent";"Seedborn Muse";"";"";"MKM";"Commander";"0";""
"ukjent";"Seer's Sundial";"";"";"MH3";"Commander";"0";""
"ukjent";"Seizan, Perverter of Truth (foil)";"";"";"MOM";"Multiverse Legends (FOIL)";"0";""
"ukjent";"Selesnya Signet";"";"";"GRN";"Guild Kits";"0";""
"ukjent";"Self-Assembler (foil)";"";"";"BRO";"Retro Artifacts (FOIL)";"0";""
"ukjent";"Self-Assembler (Schematic Art) (foil)";"";"";"BRO";"Retro Artifacts (FOIL)";"0";""
"ukjent";"Selfless Spirit";"";"";"CMB1";"Rare";"0";""
"ukjent";"Selvala, Heart of the Wilds";"";"";"CMB1";"Mythic";"0";""
"ukjent";"Semblance Anvil (foil)";"";"";"BRO";"Retro Artifacts (FOIL)";"0";""
"ukjent";"Semblance Anvil (Schematic Art) (foil)";"";"";"BRO";"Retro Artifacts (FOIL)";"0";""
"ukjent";"Sen Triplets (Foil)";"";"";"CMB1";"Mythic";"0";""
"ukjent";"Sensei Golden-Tail";"";"";"CMB1";"Rare";"0";""
"ukjent";"Sensei's Divining Top";"";"";"CMB1";"Rare";"0";""
"ukjent";"Sepulchral Primordial";"";"";"ZNR";"Commander";"0";""
"ukjent";"Serpent's Soul-Jar";"";"";"KHM";"Commander";"0";""
"ukjent";"Sewer Nemesis";"";"";"CMB1";"Rare";"0";""
"ukjent";"Shadow Kin";"";"";"MID";"Commander";"0";""
"ukjent";"Shadowblood Ridge";"";"";"VOW";"Commander";"0";""
"ukjent";"Shadowgrange Archfiend";"";"";"VOW";"Commander";"0";""
"ukjent";"Shadowmage Infiltrator";"";"";"OTJ";"Commander";"0";""
"ukjent";"Shadowmage Infiltrator";"";"";"SPG";"Special";"0";""
"ukjent";"Shadowspear (Donnie's Bo)";"";"";"TMT";"Source Material Cards";"0";""
"ukjent";"Shamanic Revelation";"";"";"CMB1";"Rare";"0";""
"ukjent";"Shamanic Revelation";"";"";"MID";"Commander";"0";""
"ukjent";"Shamanic Revelation";"";"";"SOS";"Mystical Archive";"0";""
"ukjent";"Shanid, Sleepers' Scourge (foil)";"";"";"DMU";"Commander";"0";""
"ukjent";"Shanna, Sisay's Legacy (foil)";"";"";"MOM";"Multiverse Legends (FOIL)";"0";""
"ukjent";"Shared Animosity (0049) (Foil)";"";"";"WOE";"Enchanting Tales (FOIL)";"0";""
"ukjent";"Shared Roots";"";"";"SOS";"Mystical Archive";"0";""
"ukjent";"Shattering Spree";"";"";"GRN";"Guild Kits";"0";""
"ukjent";"Sheoldred, the Apocalypse (435 - Concept Praetor)";"";"";"ONE";"Mythic";"0";""
"ukjent";"Sheoldred, Whispering One (foil)";"";"";"MOM";"Multiverse Legends (FOIL)";"0";""
"ukjent";"Sheoldred's Edict";"";"";"SOS";"Mystical Archive";"0";""
"ukjent";"Shield of the Oversoul";"";"";"CMB1";"Common";"0";""
"ukjent";"Shifting Ceratops";"";"";"LCI";"Commander";"0";""
"ukjent";"Shigeki, Jukai Visionary";"";"";"TDM";"Commander";"0";""
"ukjent";"Shock (foil)";"";"";"STX";"Uncommon (FOIL)";"0";""
"ukjent";"Shorikai, Genesis Engine";"";"";"NEO";"Commander";"0";""
"ukjent";"Shorikai, Genesis Engine (foil)";"";"";"NEO";"Commander";"0";""
"ukjent";"Show and Tell";"";"";"SPM";"Eternal Legal";"0";""
"ukjent";"Showstopping Surprise (Extended Art)";"";"";"MKM";"Commander";"0";""
"ukjent";"Shriekmaw";"";"";"SPG";"Special";"0";""
"ukjent";"Sidar Jabari of Zhalfir";"";"";"MOM";"Commander";"0";""
"ukjent";"Sigarda, Font of Blessings";"";"";"MOM";"Aftermath";"0";""
"ukjent";"Sigarda, Heron's Grace";"";"";"MID";"Commander";"0";""
"ukjent";"Sigarda's Vanguard";"";"";"MID";"Commander";"0";""
"ukjent";"Sigardian Zealot";"";"";"MID";"Commander";"0";""
"ukjent";"Sigil of the Empty Throne";"";"";"SPG";"Special";"0";""
"ukjent";"Sigil of Valor (foil)";"";"";"BRO";"Retro Artifacts (FOIL)";"0";""
"ukjent";"Sigil of Valor (Schematic Art) (foil)";"";"";"BRO";"Retro Artifacts (FOIL)";"0";""
"ukjent";"Sigiled Sword of Valeron";"";"";"MOM";"Commander";"0";""
"ukjent";"Sign in Blood";"";"";"STX";"Rare";"0";""
"ukjent";"Sign in Blood (Foil-Etched)";"";"";"STX";"Rare (FOIL)";"0";""
"ukjent";"Sign in Blood (foil)";"";"";"STX";"Rare (FOIL)";"0";""
"ukjent";"Silence";"";"";"SPG";"Special";"0";""
"ukjent";"Silent-Blade Oni";"";"";"OTJ";"Commander";"0";""
"ukjent";"Silver Myr";"";"";"NEO";"Commander";"0";""
"ukjent";"Silverbluff Bridge";"";"";"BRO";"Commander";"0";""
"ukjent";"Silverclad Ferocidons";"";"";"TMT";"Source Material Cards";"0";""
"ukjent";"Simian Spirit Guide";"";"";"CMB1";"Common";"0";""
"ukjent";"Simic Ascendancy";"";"";"BLB";"Commander";"0";""
"ukjent";"Simic Ascendancy";"";"";"LCI";"Commander";"0";""
"ukjent";"Simic Guildgate 257A (foil)";"";"";"RNA";"Common (FOIL)";"0";""
"ukjent";"Simic Guildgate 258B (foil)";"";"";"RNA";"Common (FOIL)";"0";""
"ukjent";"Simulacrum Synthesizer";"";"";"SPM";"Eternal Legal";"0";""
"ukjent";"Sinister Waltz";"";"";"VOW";"Commander";"0";""
"ukjent";"Sivitri, Dragon Master (foil)";"";"";"DMU";"Commander";"0";""
"ukjent";"Skarrg, the Rage Pits";"";"";"CMB1";"Uncommon";"0";""
"ukjent";"Skirk Fire Marshal";"";"";"CMB1";"Rare";"0";""
"ukjent";"Skithiryx, the Blight Dragon";"";"";"CMB1";"Mythic";"0";""
"ukjent";"Skithiryx, the Blight Dragon (0082 - Foil Etched)";"";"";"MOM";"Multiverse Legends (FOIL)";"0";""
"ukjent";"Skithiryx, the Blight Dragon (foil)";"";"";"MOM";"Multiverse Legends (FOIL)";"0";""
"ukjent";"Skullclamp";"";"";"CMB1";"Uncommon";"0";""
"ukjent";"Skullwinder";"";"";"CMB1";"Uncommon";"0";""
"ukjent";"Skysovereign, Consul Flagship";"";"";"NEO";"Commander";"0";""
"ukjent";"Sleeper Agent";"";"";"CMB1";"Rare";"0";""
"ukjent";"Sleight of Hand";"";"";"SLD";"Secret Lair";"0";""
"ukjent";"Sleight of Hand";"";"";"SOS";"Mystical Archive";"0";""
"ukjent";"Sliver Hivelord";"";"";"CMB1";"Mythic";"0";""
"ukjent";"Sly Instigator (Extended Art)";"";"";"CMR";"Rare";"0";""
"ukjent";"Smallpox";"";"";"SOS";"Mystical Archive";"0";""
"ukjent";"Smothering Tithe (0013) (Foil)";"";"";"WOE";"Enchanting Tales (FOIL)";"0";""
"ukjent";"Smothering Tithe (0067 - Anime) (Foil)";"";"";"WOE";"Enchanting Tales (FOIL)";"0";""
"ukjent";"Snakeskin Veil (foil)";"";"";"STX";"Uncommon (FOIL)";"0";""
"ukjent";"Sneak Attack (0050) (Foil)";"";"";"WOE";"Enchanting Tales (FOIL)";"0";""
"ukjent";"Sneak Attack (0079 - Anime) (Foil)";"";"";"WOE";"Enchanting Tales (FOIL)";"0";""
"ukjent";"Sneak Attack (borderless)";"";"";"PUMA";"Box Topper";"0";""
"ukjent";"Snow-Covered Wastes {#309) (Full Art) (Foil)";"";"";"MH3";"Uncommon (FOIL)";"0";""
"ukjent";"Sol Ring";"";"";"BRO";"Commander";"0";""
"ukjent";"Sol Ring";"";"";"KHM";"Commander";"0";""
"ukjent";"Sol Ring";"";"";"MID";"Commander";"0";""
"ukjent";"Sol Ring";"";"";"NEO";"Commander";"0";""
"ukjent";"Sol Ring";"";"";"OTJ";"Commander";"0";""
"ukjent";"Sol Ring";"";"";"VOW";"Commander";"0";""
"ukjent";"Sol Ring";"";"";"WOE";"Commander";"0";""
"ukjent";"Sol Ring";"";"";"ZNR";"Commander";"0";""
"ukjent";"Sol'kanar the Swamp King";"";"";"SPG";"Special";"0";""
"ukjent";"Solemn Simulacrum";"";"";"CMB1";"Rare";"0";""
"ukjent";"Solemn Simulacrum";"";"";"DSK";"Commander";"0";""
"ukjent";"Solemn Simulacrum";"";"";"NEO";"Commander";"0";""
"ukjent";"Solemn Simulacrum";"";"";"SPG";"Special";"0";""
"ukjent";"Soltari Priest";"";"";"SPG";"Special";"0";""
"ukjent";"Somberwald Beastmaster";"";"";"MID";"Commander";"0";""
"ukjent";"Somberwald Sage";"";"";"MID";"Commander";"0";""
"ukjent";"Soothsaying";"";"";"CMB1";"Rare";"0";""
"ukjent";"Soothsaying";"";"";"CMB1";"Uncommon";"0";""
"ukjent";"Sophia, Dogged Detective (Extended Art)";"";"";"MKM";"Commander";"0";""
"ukjent";"Sorin Markov (Zendikar)";"";"";"CMB1";"Mythic";"0";""
"ukjent";"Soul Collector";"";"";"SPG";"Special";"0";""
"ukjent";"Soul of New Phyrexia (2015 Core Set)";"";"";"CMB1";"Mythic";"0";""
"ukjent";"Soul-Guide Lantern (foil)";"";"";"BRO";"Retro Artifacts (FOIL)";"0";""
"ukjent";"Soul-Guide Lantern (Schematic Art) (foil)";"";"";"BRO";"Retro Artifacts (FOIL)";"0";""
"ukjent";"Spark Rupture (Extended Art)";"";"";"MOM";"Aftermath";"0";""
"ukjent";"Spawnwrithe (Commander 2011)";"";"";"CMB1";"Rare";"0";""
"ukjent";"Speaker of the Heavens";"";"";"CMB1";"Rare";"0";""
"ukjent";"Special Move";"";"";"TMT";"Eternal Legal";"0";""
"ukjent";"Spectral Arcanist";"";"";"VOW";"Commander";"0";""
"ukjent";"Spectral Arcanist (Extended Art)";"";"";"VOW";"Commander";"0";""
"ukjent";"Spectral Deluge";"";"";"KHM";"Commander";"0";""
"ukjent";"Spectral Force";"";"";"CMB1";"Rare";"0";""
"ukjent";"Spell Pierce (Foil)";"";"";"SOS";"Mystical Archive (FOIL)";"0";""
"ukjent";"Spell Snare";"";"";"CMB1";"Uncommon";"0";""
"ukjent";"Spellbook";"";"";"CMB1";"Uncommon";"0";""
"ukjent";"Spelltithe Enforcer (Foil)";"";"";"CMB1";"Rare";"0";""
"ukjent";"Sphinx's Tutelage";"";"";"CMB1";"Uncommon";"0";""
"ukjent";"Spike Feeder (Foil)";"";"";"CMB1";"Rare";"0";""
"ukjent";"Spike Weaver";"";"";"CMB1";"Rare";"0";""
"ukjent";"Spilcer's Skill (foil)";"";"";"MH1";"Uncommon (FOIL)";"0";""
"ukjent";"Spined Sliver";"";"";"SPG";"Special";"0";""
"ukjent";"Spire Garden";"";"";"PUMA";"Box Topper";"0";""
"ukjent";"Spire Garden (foil)";"";"";"ZNR";"Box Topper (FOIL)";"0";""
"ukjent";"Spirit of the Labyrinth";"";"";"CMB1";"Rare";"0";""
"ukjent";"Spitting Dilophosaurus (Borderless)";"";"";"LCI";"Rare";"0";""
"ukjent";"Spitting Dilophosaurus (Borderless) (Foil)";"";"";"LCI";"Rare (FOIL)";"0";""
"ukjent";"Spreading Seas (0026) (Foil)";"";"";"WOE";"Enchanting Tales (FOIL)";"0";""
"ukjent";"Springbloom Druid";"";"";"ZNR";"Commander";"0";""
"ukjent";"Springleaf Drum (foil)";"";"";"BRO";"Retro Artifacts (FOIL)";"0";""
"ukjent";"Springleaf Drum (Schematic Art) (foil)";"";"";"BRO";"Retro Artifacts (FOIL)";"0";""
"ukjent";"Squee, the Immortal (foil)";"";"";"MOM";"Multiverse Legends (FOIL)";"0";""
"ukjent";"Squirrel Wrangler";"";"";"CMB1";"Rare";"0";""
"ukjent";"Sram, Senior Edificer";"";"";"SPG";"Special";"0";""
"ukjent";"Sram, Senior Edificer (foil)";"";"";"MOM";"Multiverse Legends (FOIL)";"0";""
"ukjent";"Stab Wound (0036) (Foil)";"";"";"WOE";"Enchanting Tales (FOIL)";"0";""
"ukjent";"Staff of Domination (foil)";"";"";"BRO";"Retro Artifacts (FOIL)";"0";""
"ukjent";"Staff of Titania";"";"";"BRO";"Commander";"0";""
"ukjent";"Stalwart Pathlighter";"";"";"MID";"Commander";"0";""
"ukjent";"Standstill";"";"";"TLA";"Eternal-Legal";"0";""
"ukjent";"Stangg, Echo Warrior (foil)";"";"";"DMU";"Commander";"0";""
"ukjent";"Star of Extinction";"";"";"CMB1";"Mythic";"0";""
"ukjent";"Stargaze (Foil)";"";"";"SOS";"Mystical Archive (FOIL)";"0";""
"ukjent";"Steelbane Hydra (Slash Clone)";"";"";"TMT";"Eternal Legal";"0";""
"ukjent";"Steelburr Champion";"";"";"BLB";"Commander";"0";""
"ukjent";"Stinkweed Imp";"";"";"SPG";"Special";"0";""
"ukjent";"Stitch in Time";"";"";"GRN";"Guild Kits";"0";""
"ukjent";"Stock Up";"";"";"SOS";"Mystical Archive";"0";""
"ukjent";"Stoic Farmer";"";"";"KHM";"Commander";"0";""
"ukjent";"Stolen Goods";"";"";"OTJ";"Commander";"0";""
"ukjent";"Stolen Identity";"";"";"ZNR";"Commander";"0";""
"ukjent";"Stone Rain";"";"";"STX";"Rare";"0";""
"ukjent";"Stone Rain (foil)";"";"";"STX";"Rare (FOIL)";"0";""
"ukjent";"Stonehewer Giant";"";"";"CMB1";"Rare";"0";""
"ukjent";"Stonehorn Dignitary";"";"";"SPG";"Special";"0";""
"ukjent";"Stonybrook Banneret";"";"";"CMB1";"Common";"0";""
"ukjent";"Storm Herd";"";"";"KHM";"Commander";"0";""
"ukjent";"Storm of Souls";"";"";"VOW";"Commander";"0";""
"ukjent";"Storm of Souls (Extended Art)";"";"";"VOW";"Commander";"0";""
"ukjent";"Strangleroot Geist";"";"";"CMB1";"Uncommon";"0";""
"ukjent";"Strategic Planning (083 - JPN Alternate Art)";"";"";"STX";"Uncommon";"0";""
"ukjent";"Strategic Planning (foil)";"";"";"STX";"Uncommon (FOIL)";"0";""
"ukjent";"Strefan, Maurer Progenitor";"";"";"VOW";"Commander";"0";""
"ukjent";"Strefan, Maurer Progenitor (foil)";"";"";"VOW";"Commander";"0";""
"ukjent";"Strip Mine";"";"";"PUMA";"Box Topper";"0";""
"ukjent";"Strip Mine (foil)";"";"";"ZNR";"Box Topper (FOIL)";"0";""
"ukjent";"Stromkirk Captain (Dark Ascension)";"";"";"CMB1";"Uncommon";"0";""
"ukjent";"Stromkirk Condemned";"";"";"VOW";"Commander";"0";""
"ukjent";"Student of Warfare";"";"";"CMB1";"Rare";"0";""
"ukjent";"Subterranean Tremors";"";"";"SOS";"Mystical Archive";"0";""
"ukjent";"Sun Titan";"";"";"ZNR";"Commander";"0";""
"ukjent";"Sundering Growth";"";"";"SPM";"Eternal Legal";"0";""
"ukjent";"Sundering Titan (foil)";"";"";"BRO";"Retro Artifacts (FOIL)";"0";""
"ukjent";"Sundial of the Infinite (Foil)";"";"";"CMB1";"Rare";"0";""
"ukjent";"Sunfrill Imitator";"";"";"LCI";"Commander";"0";""
"ukjent";"Sungrass Prairie";"";"";"MID";"Commander";"0";""
"ukjent";"Sunken Hollow";"";"";"MID";"Commander";"0";""
"ukjent";"Sunken Hollow";"";"";"OTJ";"Commander";"0";""
"ukjent";"Sunscorch Regent";"";"";"BLB";"Commander";"0";""
"ukjent";"Super Combo";"";"";"TMT";"Eternal Legal";"0";""
"ukjent";"Supreme Phantom";"";"";"VOW";"Commander";"0";""
"ukjent";"Supreme Verdict";"";"";"CMB1";"Rare";"0";""
"ukjent";"Supreme Verdict";"";"";"SLD";"Secret Lair";"0";""
"ukjent";"Svyelun of Sea and Sky";"";"";"LCI";"Commander";"0";""
"ukjent";"Swamp 272 (foil)";"";"";"M20";"Common (FOIL)";"0";""
"ukjent";"Swiftfoot Boots";"";"";"BLB";"Commander";"0";""
"ukjent";"Swiftfoot Boots";"";"";"NEO";"Commander";"0";""
"ukjent";"Swiftfoot Boots";"";"";"VOW";"Commander";"0";""
"ukjent";"Swiftfoot Boots (foil)";"";"";"BRO";"Retro Artifacts (FOIL)";"0";""
"ukjent";"Swiftfoot Boots (Non-Foil)";"";"";"CMB1";"Uncommon";"0";""
"ukjent";"Swiftfoot Boots (Schematic Art) (foil)";"";"";"BRO";"Retro Artifacts (FOIL)";"0";""
"ukjent";"Swooping Pteranodon (Borderless)";"";"";"LCI";"Rare";"0";""
"ukjent";"Swooping Pteranodon (Borderless) (Foil)";"";"";"LCI";"Rare (FOIL)";"0";""
"ukjent";"Sword of Body and Mind (borderless)";"";"";"PUMA";"Box Topper";"0";""
"ukjent";"Sword of Feast and Famine (borderless)";"";"";"PUMA";"Box Topper";"0";""
"ukjent";"Sword of Fire and Ice (Patriotic Shield)";"";"";"SPM";"Eternal Legal";"0";""
"ukjent";"Sword of Light and Shadow (borderless)";"";"";"PUMA";"Box Topper";"0";""
"ukjent";"Sword of Sinew and Steel (Leo's Katana)";"";"";"TMT";"Source Material Cards";"0";""
"ukjent";"Sword of the Animist";"";"";"CMB1";"Rare";"0";""
"ukjent";"Sword of the Meek (foil)";"";"";"BRO";"Retro Artifacts (FOIL)";"0";""
"ukjent";"Sword of the Meek (Schematic Art) (foil)";"";"";"BRO";"Retro Artifacts (FOIL)";"0";""
"ukjent";"Sword of Vengeance (Non-Foil - 2011 Core Set)";"";"";"CMB1";"Rare";"0";""
"ukjent";"Swords to Plowshares";"";"";"MID";"Commander";"0";""
"ukjent";"Swords to Plowshares";"";"";"NEO";"Commander";"0";""
"ukjent";"Swords to Plowshares";"";"";"STX";"Rare";"0";""
"ukjent";"Swords to Plowshares (Commander 2016)";"";"";"CMB1";"Uncommon";"0";""
"ukjent";"Swords to Plowshares (Foil-Etched)";"";"";"STX";"Rare (FOIL)";"0";""
"ukjent";"Swords to Plowshares (foil)";"";"";"STX";"Rare (FOIL)";"0";""
"ukjent";"Sygg, River Cutthroat";"";"";"ZNR";"Commander";"0";""
"ukjent";"Sylvan Scrying";"";"";"SPG";"Special";"0";""
"ukjent";"Syr Konrad, the Grim";"";"";"CMB1";"Uncommon";"0";""
"ukjent";"Syr Konrad, the Grim";"";"";"ZNR";"Commander";"0";""
"ukjent";"Tainted Pact";"";"";"STX";"Mythic";"0";""
"ukjent";"Tainted Pact (foil)";"";"";"STX";"Mythic (FOIL)";"0";""
"ukjent";"Take the Bait (Extended Art)";"";"";"MKM";"Commander";"0";""
"ukjent";"Talisman of Dominance";"";"";"MID";"Commander";"0";""
"ukjent";"Talisman of Progress";"";"";"MH3";"Commander";"0";""
"ukjent";"Talrand, Sky Summoner";"";"";"CMB1";"Rare";"0";""
"ukjent";"Talrand, Sky Summoner";"";"";"SPG";"Special";"0";""
"ukjent";"Tangle";"";"";"SPM";"Eternal Legal";"0";""
"ukjent";"Tarnished Citadel";"";"";"TLA";"Eternal-Legal";"0";""
"ukjent";"Tasigur, the Golden Fang";"";"";"SPG";"Special";"0";""
"ukjent";"Tatyova, Benthic Druid";"";"";"CMB1";"Uncommon";"0";""
"ukjent";"Taunting Challenge";"";"";"TLA";"Eternal-Legal";"0";""
"ukjent";"Taurean Mauler";"";"";"CMB1";"Rare";"0";""
"ukjent";"Taurean Mauler";"";"";"NEO";"Commander";"0";""
"ukjent";"Taurean Mauler (Morningtide)";"";"";"CMB1";"Rare";"0";""
"ukjent";"Tazri, Stalwart Survivor";"";"";"MOM";"Aftermath";"0";""
"ukjent";"Tectonic Edge";"";"";"CMB1";"Uncommon";"0";""
"ukjent";"Teferi, Hero of Dominaria";"";"";"CMB1";"Mythic";"0";""
"ukjent";"Teferi, Temporal Archmage";"";"";"CMB1";"Mythic";"0";""
"ukjent";"Teferi's Moat";"";"";"SPG";"Special";"0";""
"ukjent";"Teferi's Protection";"";"";"CMB1";"Rare";"0";""
"ukjent";"Teferi's Protection";"";"";"STX";"Mythic";"0";""
"ukjent";"Teferi's Protection (foil)";"";"";"STX";"Mythic (FOIL)";"0";""
"ukjent";"Tek";"";"";"CMB1";"Rare";"0";""
"ukjent";"Teleportation Circle";"";"";"TMT";"Source Material Cards";"0";""
"ukjent";"Temple Altisaur";"";"";"LCI";"Commander";"0";""
"ukjent";"Temple Bell (Borderless)";"";"";"LCI";"Commander";"0";""
"ukjent";"Temple of Deceit";"";"";"MID";"Commander";"0";""
"ukjent";"Temple of Deceit";"";"";"OTJ";"Commander";"0";""
"ukjent";"Temple of Enlightenment";"";"";"BLB";"Commander";"0";""
"ukjent";"Temple of Enlightenment";"";"";"VOW";"Commander";"0";""
"ukjent";"Temple of Malady";"";"";"OTJ";"Commander";"0";""
"ukjent";"Temple of Malice";"";"";"VOW";"Commander";"0";""
"ukjent";"Temple of Mystery";"";"";"OTJ";"Commander";"0";""
"ukjent";"Temple of Plenty";"";"";"BLB";"Commander";"0";""
"ukjent";"Temple of Plenty";"";"";"MID";"Commander";"0";""
"ukjent";"Temple of the False God";"";"";"DSK";"Commander";"0";""
"ukjent";"Temporal Mastery";"";"";"CMB1";"Mythic";"0";""
"ukjent";"Tempt with Discovery";"";"";"BLB";"Commander";"0";""
"ukjent";"Tempt with Discovery";"";"";"CMB1";"Rare";"0";""
"ukjent";"Temur Ascendancy";"";"";"SPG";"Special";"0";""
"ukjent";"Tendo Ice Bridge";"";"";"CMB1";"Rare";"0";""
"ukjent";"Tendrils of Agony";"";"";"STX";"Rare";"0";""
"ukjent";"Tendrils of Agony (foil)";"";"";"STX";"Rare (FOIL)";"0";""
"ukjent";"Tenza, Godo's Maul";"";"";"DMU";"Commander";"0";""
"ukjent";"Terastodon";"";"";"MH3";"Commander";"0";""
"ukjent";"Terminate";"";"";"SPM";"Eternal Legal";"0";""
"ukjent";"Tetsuko Umezawa, Fugitive (foil)";"";"";"MOM";"Multiverse Legends (FOIL)";"0";""
"ukjent";"Tetsuo, Imperial Champion (foil)";"";"";"DMU";"Commander";"0";""
"ukjent";"Teysa Karlov (foil)";"";"";"MOM";"Multiverse Legends (FOIL)";"0";""
"ukjent";"Tezzeret's Gambit";"";"";"STX";"Rare";"0";""
"ukjent";"Tezzeret's Gambit (foil)";"";"";"STX";"Rare (FOIL)";"0";""
"ukjent";"Thalia, Guardian of Thraben (foil)";"";"";"MOM";"Multiverse Legends (FOIL)";"0";""
"ukjent";"Thalia's Lancers";"";"";"CMB1";"Rare";"0";""
"ukjent";"Thalia's Lieutenant";"";"";"CMB1";"Rare";"0";""
"ukjent";"Thane of Red Fell";"";"";"SLD";"Secret Lair";"0";""
"ukjent";"Thassa, God of the Sea";"";"";"LCI";"Commander";"0";""
"ukjent";"That Which Was Taken";"";"";"CMB1";"Rare";"0";""
"ukjent";"The Antiquities War";"";"";"CMB1";"Rare";"0";""
"ukjent";"The Archimandrite";"";"";"BRO";"Commander";"0";""
"ukjent";"The Chain Veil";"";"";"CMB1";"Mythic";"0";""
"ukjent";"The Ever-Changing 'Dane (Foil Etched)";"";"";"DMU";"Commander";"0";""
"ukjent";"The Gitrog Monster";"";"";"CMB1";"Mythic";"0";""
"ukjent";"The Great Henge (The Banyan Tree)";"";"";"TLA";"Eternal-Legal";"0";""
"ukjent";"The Lady of Otaria (foil)";"";"";"DMU";"Commander";"0";""
"ukjent";"The Mana Rig";"";"";"DMU";"Commander";"0";""
"ukjent";"The Mending of Dominaria";"";"";"CMB1";"Rare";"0";""
"ukjent";"The Mimeoplasm";"";"";"OTJ";"Commander";"0";""
"ukjent";"The Mirari Conjecture";"";"";"CMB1";"Rare";"0";""
"ukjent";"The Reaver Cleaver";"";"";"DMU";"Commander";"0";""
"ukjent";"The World Tree (Kaldheim)";"";"";"CMB1";"Rare";"0";""
"ukjent";"Thieving Amalgam";"";"";"OTJ";"Commander";"0";""
"ukjent";"Thopter Spy Network";"";"";"BRO";"Commander";"0";""
"ukjent";"Thorn of Amethyst (foil)";"";"";"BRO";"Retro Artifacts (FOIL)";"0";""
"ukjent";"Thorn of Amethyst (Schematic Art) (foil)";"";"";"BRO";"Retro Artifacts (FOIL)";"0";""
"ukjent";"Thought Vessel";"";"";"CMB1";"Common";"0";""
"ukjent";"Thought Vessel (Borderless)";"";"";"LCI";"Commander";"0";""
"ukjent";"Thought Vessel (Commander Anthology)";"";"";"CMB1";"Common";"0";""
"ukjent";"Thought-Knot Seer";"";"";"CMB1";"Rare";"0";""
"ukjent";"Thoughtseize (borderless)";"";"";"PUMA";"Box Topper";"0";""
"ukjent";"Thousand-Year Elixir";"";"";"CMB1";"Rare";"0";""
"ukjent";"Thraben Inspector";"";"";"SPG";"Special";"0";""
"ukjent";"Thragtusk";"";"";"SPG";"Special";"0";""
"ukjent";"Thran Dynamo";"";"";"CMB1";"Uncommon";"0";""
"ukjent";"Thran Quarry (Urza's Saga)";"";"";"CMB1";"Rare";"0";""
"ukjent";"Three Steps Ahead";"";"";"SPM";"Eternal Legal";"0";""
"ukjent";"Three Visits";"";"";"OTJ";"Commander";"0";""
"ukjent";"Thrill of Possibility";"";"";"SPM";"Eternal Legal";"0";""
"ukjent";"Thrill of Possibility";"";"";"STX";"Uncommon";"0";""
"ukjent";"Thrill of Possibility (foil)";"";"";"STX";"Uncommon (FOIL)";"0";""
"ukjent";"Thrun, the Last Troll";"";"";"CMB1";"Mythic";"0";""
"ukjent";"Thundering Mightmare";"";"";"VOW";"Commander";"0";""
"ukjent";"Tiamat";"";"";"CMB1";"Mythic";"0";""
"ukjent";"Timberwatch Elf";"";"";"CMB1";"Uncommon";"0";""
"ukjent";"Time Sieve";"";"";"CMB1";"Rare";"0";""
"ukjent";"Time Stretch (Odyssey)";"";"";"CMB1";"Rare";"0";""
"ukjent";"Time Warp";"";"";"STX";"Mythic";"0";""
"ukjent";"Time Warp (foil)";"";"";"STX";"Mythic (FOIL)";"0";""
"ukjent";"Timin, Youthful Geist";"";"";"VOW";"Commander";"0";""
"ukjent";"Timin, Youthful Geist (Extended Art)";"";"";"VOW";"Commander";"0";""
"ukjent";"Timothar, Baron of Bats";"";"";"VOW";"Commander";"0";""
"ukjent";"Timothar, Baron of Bats (foil)";"";"";"VOW";"Commander";"0";""
"ukjent";"Tireless Provisioner";"";"";"CMB1";"Uncommon";"0";""
"ukjent";"Tishana, Voice of Thunder";"";"";"LCI";"Commander";"0";""
"ukjent";"Titania, Nature's Force";"";"";"DSK";"Commander";"0";""
"ukjent";"Tobias, Doomed Conqueror (foil)";"";"";"DMU";"Commander";"0";""
"ukjent";"Together Forever";"";"";"ZNR";"Commander";"0";""
"ukjent";"Tolsimir Wolfblood";"";"";"GRN";"Guild Kits";"0";""
"ukjent";"Tolsimir, Friend to Wolves (War of the Spark)";"";"";"CMB1";"Rare";"0";""
"ukjent";"Tomb Tyrant";"";"";"MID";"Commander";"0";""
"ukjent";"Tor Wauki the Younger";"";"";"DMU";"Commander";"0";""
"ukjent";"Tor Wauki the Younger (foil)";"";"";"DMU";"Commander";"0";""
"ukjent";"Torment of Hailfire";"";"";"CMB1";"Rare";"0";""
"ukjent";"Tormod's Crypt";"";"";"SPG";"Special";"0";""
"ukjent";"Torsten, Founder of Benalia (foil)";"";"";"DMU";"Commander";"0";""
"ukjent";"Tortured Existence";"";"";"CMB1";"Common";"0";""
"ukjent";"Toski, Bearer of Secrets";"";"";"MKM";"Commander";"0";""
"ukjent";"Tower Winder";"";"";"OTJ";"Commander";"0";""
"ukjent";"Toxic Deluge (borderless)";"";"";"PUMA";"Box Topper";"0";""
"ukjent";"Toxin Sliver";"";"";"CMB1";"Rare";"0";""
"ukjent";"Trade Routes";"";"";"CMB1";"Rare";"0";""
"ukjent";"Trading Post";"";"";"CMB1";"Rare";"0";""
"ukjent";"Trailblazer's Boots (Foil)";"";"";"CMB1";"Uncommon";"0";""
"ukjent";"Training Grounds";"";"";"TLA";"Eternal-Legal";"0";""
"ukjent";"Transcendent Dragon (Extended Art)";"";"";"TDM";"Commander";"0";""
"ukjent";"Treasure Cruise";"";"";"SPG";"Special";"0";""
"ukjent";"Tribal Flames";"";"";"SPG";"Special";"0";""
"ukjent";"Trinket Mage";"";"";"SPG";"Special";"0";""
"ukjent";"Triskaidekaphile";"";"";"BLB";"Commander";"0";""
"ukjent";"Triskelion (Foil)";"";"";"CMB1";"Rare";"0";""
"ukjent";"Triumph of the Hordes";"";"";"CMB1";"Uncommon";"0";""
"ukjent";"Triumph of the Hordes";"";"";"SOS";"Mystical Archive";"0";""
"ukjent";"Trouble in Pairs";"";"";"TMT";"Source Material Cards";"0";""
"ukjent";"True-Name Nemesis";"";"";"SPG";"Special";"0";""
"ukjent";"Trygon Predator";"";"";"OTJ";"Commander";"0";""
"ukjent";"Trygon Predator";"";"";"SPG";"Special";"0";""
"ukjent";"Tsabo Tavoc (Invasion)";"";"";"CMB1";"Rare";"0";""
"ukjent";"Tui and La, Moon and Ocean (Foil)";"";"";"TLA";"Eternal-Legal";"0";""
"ukjent";"Tuktuk the Explorer";"";"";"CMB1";"Rare";"0";""
"ukjent";"Turntimber Sower";"";"";"OTJ";"Commander";"0";""
"ukjent";"Twilight Drover";"";"";"VOW";"Commander";"0";""
"ukjent";"Twilight Mire";"";"";"OTJ";"Commander";"0";""
"ukjent";"Twisted Abomination";"";"";"SPG";"Special";"0";""
"ukjent";"Two-Headed Hellkite";"";"";"DMU";"Commander";"0";""
"ukjent";"Tymaret, Chosen from Death (foil)";"";"";"MOM";"Multiverse Legends (FOIL)";"0";""
"ukjent";"Tyvar the Bellicose (Foil)";"";"";"MOM";"Aftermath";"0";""
"ukjent";"Ugin's Mastery";"";"";"MKM";"Commander";"0";""
"ukjent";"Ukkima, Stalking Shadow";"";"";"OTJ";"Commander";"0";""
"ukjent";"Ulalek, Fused Atrocity";"";"";"MH3";"Commander";"0";""
"ukjent";"Ulalek, Fused Atrocity (Borderless)";"";"";"MH3";"Commander";"0";""
"ukjent";"Umbral Mantle";"";"";"CMB1";"Uncommon";"0";""
"ukjent";"Umbris, Fear Manifest";"";"";"VOW";"Commander";"0";""
"ukjent";"Umezawa's Jitte";"";"";"CMB1";"Rare";"0";""
"ukjent";"Umezawa's Jitte (Raph's Jitte)";"";"";"TMT";"Source Material Cards";"0";""
"ukjent";"Umori, the Collector (foil)";"";"";"MOM";"Multiverse Legends (FOIL)";"0";""
"ukjent";"Unbound Flourishing";"";"";"CMB1";"Mythic";"0";""
"ukjent";"Unbreakable Formation";"";"";"BRO";"Commander";"0";""
"ukjent";"Unbreakable Formation";"";"";"DMU";"Commander";"0";""
"ukjent";"Unbreakable Formation";"";"";"MID";"Commander";"0";""
"ukjent";"Unclaimed Territory";"";"";"CMB1";"Uncommon";"0";""
"ukjent";"Unclaimed Territory";"";"";"MID";"Commander";"0";""
"ukjent";"Unclaimed Territory";"";"";"VOW";"Commander";"0";""
"ukjent";"Undead Warchief";"";"";"SPG";"Special";"0";""
"ukjent";"Undercity Sewers";"";"";"TMT";"Source Material Cards";"0";""
"ukjent";"Underground River";"";"";"OTJ";"Commander";"0";""
"ukjent";"Undertaker";"";"";"SPG";"Special";"0";""
"ukjent";"Underworld Breach";"";"";"TMT";"Source Material Cards";"0";""
"ukjent";"Underworld Connections";"";"";"VOW";"Commander";"0";""
"ukjent";"Unexpected Results";"";"";"CMB1";"Rare";"0";""
"ukjent";"Unfinished Business";"";"";"WOE";"Commander";"0";""
"ukjent";"Unite the Coalition";"";"";"DMU";"Commander";"0";""
"ukjent";"Unleash Fury";"";"";"JMP";"Jumpstart";"0";""
"ukjent";"Unnatural Growth";"";"";"SPM";"Eternal Legal";"0";""
"ukjent";"Unnatural Growth (0062) (Foil)";"";"";"WOE";"Enchanting Tales (FOIL)";"0";""
"ukjent";"Unstable Mutation";"";"";"SPG";"Special";"0";""
"ukjent";"Unwinding Clock";"";"";"CMB1";"Rare";"0";""
"ukjent";"Unwinding Clock (foil)";"";"";"BRO";"Retro Artifacts (FOIL)";"0";""
"ukjent";"Unwinding Clock (Schematic Art) (foil)";"";"";"BRO";"Retro Artifacts (FOIL)";"0";""
"ukjent";"Urabrask the Hidden";"";"";"CMB1";"Mythic";"0";""
"ukjent";"Urabrask the Hidden (foil)";"";"";"MOM";"Multiverse Legends (FOIL)";"0";""
"ukjent";"Urborg Scavengers";"";"";"MOM";"Aftermath";"0";""
"ukjent";"Uro, Titan of Nature's Wrath";"";"";"CMB1";"Mythic";"0";""
"ukjent";"Ursine Monstrosity";"";"";"DSK";"Commander";"0";""
"ukjent";"Urtet, Remnant of Memnarch";"";"";"ONE";"Commander";"0";""
"ukjent";"Urza, Chief Artificer";"";"";"BRO";"Commander";"0";""
"ukjent";"Urza's Mine (borderless)";"";"";"PUMA";"Box Topper";"0";""
"ukjent";"Urza's Power Plant (borderless)";"";"";"PUMA";"Box Topper";"0";""
"ukjent";"Urza's Rage";"";"";"STX";"Rare";"0";""
"ukjent";"Urza's Rage (foil)";"";"";"STX";"Rare (FOIL)";"0";""
"ukjent";"Urza's Saga";"";"";"CMB1";"Rare";"0";""
"ukjent";"Urza's Tower (borderless)";"";"";"PUMA";"Box Topper";"0";""
"ukjent";"Utopia Sprawl (0063) (Foil)";"";"";"WOE";"Enchanting Tales (FOIL)";"0";""
"ukjent";"Valakut, the Molten Pinnacle";"";"";"PUMA";"Box Topper";"0";""
"ukjent";"Valakut, the Molten Pinnacle (foil)";"";"";"ZNR";"Box Topper (FOIL)";"0";""
"ukjent";"Valduk, Keeper of the Flame (foil)";"";"";"MOM";"Multiverse Legends (FOIL)";"0";""
"ukjent";"Valor";"";"";"SPG";"Special";"0";""
"ukjent";"Vampire Hexmage";"";"";"SPG";"Special";"0";""
"ukjent";"Vampiric Rites (0037) (Foil)";"";"";"WOE";"Enchanting Tales (FOIL)";"0";""
"ukjent";"Vampiric Tutor";"";"";"CMB1";"Mythic";"0";""
"ukjent";"Vandalblast";"";"";"SPG";"Special";"0";""
"ukjent";"Vanille, Cheerful l'Cie // Ragnarok, Divine Deliverance (#392) (Borderless) (Foil)";"";"";"FIN";"Uncommon (FOIL)";"0";""
"ukjent";"Vanille, Cheerful l'Cie // Ragnarok, Divine Deliverance (#392) (Top) (Borderless)";"";"";"FIN";"Uncommon";"0";""
"ukjent";"Vanille, Cheerful l'Cie // Ragnarok, Divine Deliverance (#475) (Extended Art) (Foil)";"";"";"FIN";"Uncommon (FOIL)";"0";""
"ukjent";"Vanille, Cheerful l'Cie // Ragnarok, Divine Deliverance (#475) (Top) (Extended Art)";"";"";"FIN";"Uncommon";"0";""
"ukjent";"Vanille, Cheerful l'Cie // Ragnarok, Divine Deliverance (Foil)";"";"";"FIN";"Uncommon (FOIL)";"0";""
"ukjent";"Vanquisher's Banner";"";"";"SPG";"Special";"0";""
"ukjent";"Vela the Night-Clad";"";"";"CMB1";"Mythic";"0";""
"ukjent";"Venom Sliver";"";"";"CMB1";"Uncommon";"0";""
"ukjent";"Verdant Catacombs";"";"";"PUMA";"Box Topper";"0";""
"ukjent";"Verdant Catacombs (foil)";"";"";"ZNR";"Box Topper (FOIL)";"0";""
"ukjent";"Verdant Sun's Avatar";"";"";"LCI";"Commander";"0";""
"ukjent";"Verdurous Gearhulk";"";"";"MID";"Commander";"0";""
"ukjent";"Verity Circle";"";"";"VOW";"Commander";"0";""
"ukjent";"Vesuva";"";"";"CMB1";"Rare";"0";""
"ukjent";"Vesuvan Drifter (Showcase)";"";"";"MOM";"Aftermath";"0";""
"ukjent";"Vhati il-Dal";"";"";"SPG";"Special";"0";""
"ukjent";"Victimize";"";"";"CMB1";"Uncommon";"0";""
"ukjent";"Victory's Envoy";"";"";"MID";"Commander";"0";""
"ukjent";"Vigor";"";"";"CMB1";"Rare";"0";""
"ukjent";"Village Rites";"";"";"STX";"Uncommon";"0";""
"ukjent";"Village Rites (foil)";"";"";"STX";"Uncommon (FOIL)";"0";""
"ukjent";"Villainous Wealth";"";"";"OTJ";"Commander";"0";""
"ukjent";"Viridescent Bog";"";"";"OTJ";"Commander";"0";""
"ukjent";"Virulent Sliver (Future Sight)";"";"";"CMB1";"Common";"0";""
"ukjent";"Viscera Seer (Foil)";"";"";"CMB1";"Common";"0";""
"ukjent";"Vishgraz, the Doomhive (Foil)";"";"";"ONE";"Commander";"0";""
"ukjent";"Visions of Dominance";"";"";"MID";"Commander";"0";""
"ukjent";"Visions of Duplicity";"";"";"MID";"Commander";"0";""
"ukjent";"Visions of Glory";"";"";"MID";"Commander";"0";""
"ukjent";"Vivien Reid";"";"";"MH3";"Commander";"0";""
"ukjent";"Vivien's Talent (Extended Art)";"";"";"MOM";"Commander";"0";""
"ukjent";"Volrath's Dungeon";"";"";"CMB1";"Rare";"0";""
"ukjent";"Vona, Butcher of Magan";"";"";"LCI";"Commander";"0";""
"ukjent";"Voracious Hydra (Aggro Amalgam)";"";"";"TMT";"Eternal Legal";"0";""
"ukjent";"Vorel of the Hull Clade";"";"";"RNA";"Guild Kits";"0";""
"ukjent";"Vorinclex, Voice of Hunger (foil)";"";"";"MOM";"Multiverse Legends (FOIL)";"0";""
"ukjent";"Wake the Past (Extended Art)";"";"";"CMR";"Rare";"0";""
"ukjent";"Wall of Denial";"";"";"CMB1";"Uncommon";"0";""
"ukjent";"Wall of Mourning";"";"";"MID";"Commander";"0";""
"ukjent";"Wall of Omens";"";"";"CMB1";"Uncommon";"0";""
"ukjent";"Wall of Roots";"";"";"SPG";"Special";"0";""
"ukjent";"Wargate";"";"";"CMB1";"Rare";"0";""
"ukjent";"Warstorm Surge";"";"";"TLA";"Eternal-Legal";"0";""
"ukjent";"Waste Not (0038) (Foil)";"";"";"WOE";"Enchanting Tales (FOIL)";"0";""
"ukjent";"Wasteland";"";"";"PUMA";"Box Topper";"0";""
"ukjent";"Wasteland (foil)";"";"";"ZNR";"Box Topper (FOIL)";"0";""
"ukjent";"Wastes";"";"";"CMB1";"Common";"0";""
"ukjent";"Wastes";"";"";"SPG";"Special";"0";""
"ukjent";"Waves of Aggression";"";"";"TMT";"Source Material Cards";"0";""
"ukjent";"Wayfarer's Bauble";"";"";"CMB1";"Common";"0";""
"ukjent";"Wayfarer's Bauble";"";"";"MH3";"Commander";"0";""
"ukjent";"Wayfarer's Bauble";"";"";"WOE";"Commander";"0";""
"ukjent";"Wayta, Trainer Prodigy (Foil)";"";"";"LCI";"Commander";"0";""
"ukjent";"Wayward Swordtooth";"";"";"LCI";"Commander";"0";""
"ukjent";"Wear // Tear";"";"";"DMU";"Commander";"0";""
"ukjent";"Weather the Storm";"";"";"STX";"Rare";"0";""
"ukjent";"Weather the Storm (foil)";"";"";"STX";"Rare (FOIL)";"0";""
"ukjent";"Weathered Wayfarer";"";"";"CMB1";"Rare";"0";""
"ukjent";"Weatherlight";"";"";"CMB1";"Mythic";"0";""
"ukjent";"Wedding Ring";"";"";"SPM";"Eternal Legal";"0";""
"ukjent";"Wedding Ring";"";"";"VOW";"Commander";"0";""
"ukjent";"Welcome to... (Borderless)";"";"";"LCI";"Rare";"0";""
"ukjent";"Welcome to... (Borderless) (Foil)";"";"";"LCI";"Rare (FOIL)";"0";""
"ukjent";"Welcoming Vampire";"";"";"MKM";"Commander";"0";""
"ukjent";"Well of Lost Dreams (foil)";"";"";"BRO";"Retro Artifacts (FOIL)";"0";""
"ukjent";"Well of Lost Dreams (Schematic Art) (foil)";"";"";"BRO";"Retro Artifacts (FOIL)";"0";""
"ukjent";"Wheel of Fate";"";"";"CMB1";"Rare";"0";""
"ukjent";"Wheel of Torture (Urza's Legacy)";"";"";"CMB1";"Rare";"0";""
"ukjent";"Whelming Wave";"";"";"CMB1";"Rare";"0";""
"ukjent";"Whir of Invention";"";"";"CMB1";"Rare";"0";""
"ukjent";"Whirlpool Warrior (Apocalypse)";"";"";"CMB1";"Rare";"0";""
"ukjent";"Whirlwind Denial (Foil-Etched - 086 - JPN Alternate Art)";"";"";"STX";"Uncommon (FOIL)";"0";""
"ukjent";"Whirlwind Denial (foil)";"";"";"STX";"Uncommon (FOIL)";"0";""
"ukjent";"Whispersilk Cloak";"";"";"CMB1";"Uncommon";"0";""
"ukjent";"Whispersilk Cloak";"";"";"DSK";"Commander";"0";""
"ukjent";"Whispersilk Cloak (Borderless)";"";"";"LCI";"Commander";"0";""
"ukjent";"Whispersteel Dagger";"";"";"CMB1";"Rare";"0";""
"ukjent";"Wild Beastmaster";"";"";"MID";"Commander";"0";""
"ukjent";"Wilderness Reclamation";"";"";"MKM";"Commander";"0";""
"ukjent";"Wilhelt, the Rotcleaver";"";"";"MID";"Commander";"0";""
"ukjent";"Wilhelt, the Rotcleaver (Foil)";"";"";"MID";"Commander";"0";""
"ukjent";"Windborn Muse";"";"";"CMB1";"Rare";"0";""
"ukjent";"Windborn Muse";"";"";"VOW";"Commander";"0";""
"ukjent";"Windfall";"";"";"KHM";"Commander";"0";""
"ukjent";"Winds of Abandon";"";"";"CMB1";"Rare";"0";""
"ukjent";"Windswept Heath";"";"";"PUMA";"Box Topper";"0";""
"ukjent";"Windswept Heath (foil)";"";"";"ZNR";"Box Topper (FOIL)";"0";""
"ukjent";"Winter, Cynical Opportunist (Borderless)";"";"";"DSK";"Commander";"0";""
"ukjent";"Winter, Cynical Opportunist (Borderless) (Foil)";"";"";"DSK";"Commander";"0";""
"ukjent";"Witch Hunt";"";"";"CMB1";"Rare";"0";""
"ukjent";"Witch of the Moors";"";"";"CMB1";"Rare";"0";""
"ukjent";"Witch's Oven";"";"";"CMB1";"Uncommon";"0";""
"ukjent";"Wizard Class";"";"";"BLB";"Commander";"0";""
"ukjent";"Wolfir Silverheart";"";"";"CMB1";"Rare";"0";""
"ukjent";"Wolverine Riders";"";"";"KHM";"Commander";"0";""
"ukjent";"Wonderscape Sage";"";"";"MH3";"Commander";"0";""
"ukjent";"Wondrous Crucible";"";"";"BRO";"Commander";"0";""
"ukjent";"Wooded Foothills";"";"";"PUMA";"Box Topper";"0";""
"ukjent";"Wooded Foothills (foil)";"";"";"ZNR";"Box Topper (FOIL)";"0";""
"ukjent";"World Shaper";"";"";"OTJ";"Commander";"0";""
"ukjent";"Worldgorger Dragon";"";"";"CMB1";"Rare";"0";""
"ukjent";"Worldspine Wurm";"";"";"CMB1";"Mythic";"0";""
"ukjent";"Worn Powerstone (Borderless)";"";"";"LCI";"Commander";"0";""
"ukjent";"Wurmcoil Engine (borderless)";"";"";"PUMA";"Box Topper";"0";""
"ukjent";"Wurmcoil Engine (foil)";"";"";"BRO";"Retro Artifacts (FOIL)";"0";""
"ukjent";"Xira, the Golden Sting";"";"";"DMU";"Commander";"0";""
"ukjent";"Xira, the Golden Sting (Foil)";"";"";"DMU";"Commander";"0";""
"ukjent";"Xolatoyac, the Smiling Flood (Extended Art, Foil)";"";"";"LCI";"Commander";"0";""
"ukjent";"Xolatoyac, the Smiling Flood (Foil)";"";"";"LCI";"Commander";"0";""
"ukjent";"Yargle, Glutton of Urborg (foil)";"";"";"MOM";"Multiverse Legends (FOIL)";"0";""
"ukjent";"Yarok, the Desecrated (foil)";"";"";"MOM";"Multiverse Legends (FOIL)";"0";""
"ukjent";"Yavimaya Coast";"";"";"OTJ";"Commander";"0";""
"ukjent";"Yawgmoth, Thran Physician";"";"";"SPG";"Special";"0";""
"ukjent";"Yawgmoth's Agenda (Invasion)";"";"";"CMB1";"Rare";"0";""
"ukjent";"Yedora, Grave Gardener (foil)";"";"";"MOM";"Multiverse Legends (FOIL)";"0";""
"ukjent";"Yisan, the Wanderer Bard";"";"";"CMB1";"Rare";"0";""
"ukjent";"Yorion, Sky Nomad (foil)";"";"";"MOM";"Multiverse Legends (FOIL)";"0";""
"ukjent";"Yoshimaru, Ever Faithful";"";"";"NEO";"Commander";"0";""
"ukjent";"Young Pyromancer";"";"";"SPG";"Special";"0";""
"ukjent";"Young Pyromancer (Duel Deck: Mind vs. Might)";"";"";"CMB1";"Uncommon";"0";""
"ukjent";"Yuriko, the Tiger's Shadow";"";"";"CMB1";"Rare";"0";""
"ukjent";"Zada, Hedron Grinder";"";"";"JMP";"Jumpstart";"0";""
"ukjent";"Zada, Hedron Grinder (foil)";"";"";"MOM";"Multiverse Legends (FOIL)";"0";""
"ukjent";"Zealous Conscripts";"";"";"SPG";"Special";"0";""
"ukjent";"Zegana, Utopian Speaker";"";"";"LCI";"Commander";"0";""
"ukjent";"Zendikar's Roil";"";"";"CMB1";"Uncommon";"0";""
"ukjent";"Zendikar's Roil";"";"";"ZNR";"Commander";"0";""
"ukjent";"Zeriam, Golden Wind";"";"";"DMU";"Commander";"0";""
"ukjent";"Zilortha, Strength Incarnate (Godzilla, King of Monsters - Buy-a";"";"";"IKO";"Mythic (FOIL)";"0";""
"ukjent";"Zimone, Mystery Unraveler (0008 - Borderless, Foil)";"";"";"DSK";"Commander";"0";""
"ukjent";"Zirda, the Dawnwaker (foil)";"";"";"MOM";"Multiverse Legends (FOIL)";"0";""
"ukjent";"Zombie Apocalypse";"";"";"CMB1";"Rare";"0";""
"ukjent";"Zombie Apocalypse";"";"";"MID";"Commander";"0";""
"ukjent";"Zombify (Foil)";"";"";"SOS";"Mystical Archive (FOIL)";"0";""
"ukjent";"Zulaport Cutthroat";"";"";"SPG";"Special";"0";""
"ukjent";"Zur's Weirding (Foil)";"";"";"CMB1";"Rare";"0";""